device,workload,K,units,mode,rep,ms_per_submission,thermal
"iPhone18,2",ink_unroll_128x256_j26_fp16,1,ne,b2b,1,0.4172,1
"iPhone18,2",ink_unroll_128x256_j26_fp16,1,ne,b2b,2,0.4873,1
"iPhone18,2",ink_unroll_128x256_j26_fp16,1,ne,b2b,3,0.4028,1
"iPhone18,2",ink_unroll_128x256_j26_fp16,1,ne,paced,1,1.5420,1
"iPhone18,2",ink_unroll_128x256_j26_fp16,1,ne,paced,2,1.5435,1
"iPhone18,2",ink_unroll_128x256_j26_fp16,1,gpu,b2b,1,0.7480,1
"iPhone18,2",ink_unroll_128x256_j26_fp16,1,gpu,b2b,2,0.7371,1
"iPhone18,2",ink_unroll_128x256_j26_fp16,1,gpu,b2b,3,0.7288,1
"iPhone18,2",ink_unroll_128x256_j26_fp16,1,cpu,b2b,1,1.0317,1
"iPhone18,2",ink_unroll_128x256_j26_fp16,1,cpu,b2b,2,0.9610,1
"iPhone18,2",ink_unroll_128x256_j26_fp16,1,cpu,b2b,3,0.9365,1
"iPhone18,2",ink_unroll_128x256_j26_fp16,1,metal,b2b,1,0.3168,1
"iPhone18,2",ink_unroll_128x256_j26_fp16,1,metal-exec,b2b,1,0.1187,1
"iPhone18,2",ink_unroll_128x256_j26_fp16,1,metal,b2b,2,0.2962,1
"iPhone18,2",ink_unroll_128x256_j26_fp16,1,metal-exec,b2b,2,0.1048,1
"iPhone18,2",ink_unroll_128x256_j26_fp16,1,metal,b2b,3,0.2955,1
"iPhone18,2",ink_unroll_128x256_j26_fp16,1,metal-exec,b2b,3,0.1050,1
"iPhone18,2",ink_unroll_128x256_j26_fp16,2,ne,b2b,1,0.6135,1
"iPhone18,2",ink_unroll_128x256_j26_fp16,2,ne,b2b,2,0.6005,1
"iPhone18,2",ink_unroll_128x256_j26_fp16,2,ne,b2b,3,0.6010,1
"iPhone18,2",ink_unroll_128x256_j26_fp16,2,ne,paced,1,2.2150,1
"iPhone18,2",ink_unroll_128x256_j26_fp16,2,ne,paced,2,2.2390,1
"iPhone18,2",ink_unroll_128x256_j26_fp16,2,gpu,b2b,1,0.9546,1
"iPhone18,2",ink_unroll_128x256_j26_fp16,2,gpu,b2b,2,0.9017,1
"iPhone18,2",ink_unroll_128x256_j26_fp16,2,gpu,b2b,3,0.9028,1
"iPhone18,2",ink_unroll_128x256_j26_fp16,2,cpu,b2b,1,1.7305,1
"iPhone18,2",ink_unroll_128x256_j26_fp16,2,cpu,b2b,2,1.7612,1
"iPhone18,2",ink_unroll_128x256_j26_fp16,2,cpu,b2b,3,1.7737,1
"iPhone18,2",ink_unroll_128x256_j26_fp16,2,metal,b2b,1,0.3784,1
"iPhone18,2",ink_unroll_128x256_j26_fp16,2,metal-exec,b2b,1,0.2089,1
"iPhone18,2",ink_unroll_128x256_j26_fp16,2,metal,b2b,2,0.3792,1
"iPhone18,2",ink_unroll_128x256_j26_fp16,2,metal-exec,b2b,2,0.2093,1
"iPhone18,2",ink_unroll_128x256_j26_fp16,2,metal,b2b,3,0.3791,1
"iPhone18,2",ink_unroll_128x256_j26_fp16,2,metal-exec,b2b,3,0.2095,1
"iPhone18,2",ink_unroll_128x256_j26_fp16,4,ne,b2b,1,0.9892,1
"iPhone18,2",ink_unroll_128x256_j26_fp16,4,ne,b2b,2,0.9726,1
"iPhone18,2",ink_unroll_128x256_j26_fp16,4,ne,b2b,3,0.9723,1
"iPhone18,2",ink_unroll_128x256_j26_fp16,4,ne,paced,1,3.5603,1
"iPhone18,2",ink_unroll_128x256_j26_fp16,4,ne,paced,2,3.5416,1
"iPhone18,2",ink_unroll_128x256_j26_fp16,4,gpu,b2b,1,1.5831,1
"iPhone18,2",ink_unroll_128x256_j26_fp16,4,gpu,b2b,2,1.4796,1
"iPhone18,2",ink_unroll_128x256_j26_fp16,4,gpu,b2b,3,1.4805,1
"iPhone18,2",ink_unroll_128x256_j26_fp16,4,cpu,b2b,1,3.4494,1
"iPhone18,2",ink_unroll_128x256_j26_fp16,4,cpu,b2b,2,3.5158,1
"iPhone18,2",ink_unroll_128x256_j26_fp16,4,cpu,b2b,3,3.5572,1
"iPhone18,2",ink_unroll_128x256_j26_fp16,4,metal,b2b,1,0.6731,1
"iPhone18,2",ink_unroll_128x256_j26_fp16,4,metal-exec,b2b,1,0.4240,1
"iPhone18,2",ink_unroll_128x256_j26_fp16,4,metal,b2b,2,0.6742,1
"iPhone18,2",ink_unroll_128x256_j26_fp16,4,metal-exec,b2b,2,0.4230,1
"iPhone18,2",ink_unroll_128x256_j26_fp16,4,metal,b2b,3,0.6719,1
"iPhone18,2",ink_unroll_128x256_j26_fp16,4,metal-exec,b2b,3,0.4226,1
"iPhone18,2",ink_unroll_128x256_j26_fp16,8,ne,b2b,1,1.7723,1
"iPhone18,2",ink_unroll_128x256_j26_fp16,8,ne,b2b,2,1.7428,1
"iPhone18,2",ink_unroll_128x256_j26_fp16,8,ne,b2b,3,1.7390,1
"iPhone18,2",ink_unroll_128x256_j26_fp16,8,ne,paced,1,6.4758,1
"iPhone18,2",ink_unroll_128x256_j26_fp16,8,ne,paced,2,6.5973,1
"iPhone18,2",ink_unroll_128x256_j26_fp16,8,gpu,b2b,1,2.5737,1
"iPhone18,2",ink_unroll_128x256_j26_fp16,8,gpu,b2b,2,2.5754,1
"iPhone18,2",ink_unroll_128x256_j26_fp16,8,gpu,b2b,3,2.5904,1
"iPhone18,2",ink_unroll_128x256_j26_fp16,8,cpu,b2b,1,7.3915,1
"iPhone18,2",ink_unroll_128x256_j26_fp16,8,cpu,b2b,2,7.5026,1
"iPhone18,2",ink_unroll_128x256_j26_fp16,8,cpu,b2b,3,7.9028,1
"iPhone18,2",ink_unroll_128x256_j26_fp16,8,metal,b2b,1,1.1275,1
"iPhone18,2",ink_unroll_128x256_j26_fp16,8,metal-exec,b2b,1,0.8620,1
"iPhone18,2",ink_unroll_128x256_j26_fp16,8,metal,b2b,2,1.0712,1
"iPhone18,2",ink_unroll_128x256_j26_fp16,8,metal-exec,b2b,2,0.8561,1
"iPhone18,2",ink_unroll_128x256_j26_fp16,8,metal,b2b,3,1.3052,1
"iPhone18,2",ink_unroll_128x256_j26_fp16,8,metal-exec,b2b,3,0.8497,1
"iPhone18,2",heat_128x256_s32_fp16,1,ne,b2b,1,0.2447,1
"iPhone18,2",heat_128x256_s32_fp16,1,ne,b2b,2,0.2598,1
"iPhone18,2",heat_128x256_s32_fp16,1,ne,b2b,3,0.2790,1
"iPhone18,2",heat_128x256_s32_fp16,1,ne,paced,1,0.9443,1
"iPhone18,2",heat_128x256_s32_fp16,1,ne,paced,2,0.9293,1
"iPhone18,2",heat_128x256_s32_fp16,1,gpu,b2b,1,0.5452,1
"iPhone18,2",heat_128x256_s32_fp16,1,gpu,b2b,2,0.5151,1
"iPhone18,2",heat_128x256_s32_fp16,1,gpu,b2b,3,0.5293,1
"iPhone18,2",heat_128x256_s32_fp16,1,cpu,b2b,1,0.3694,1
"iPhone18,2",heat_128x256_s32_fp16,1,cpu,b2b,2,0.3598,1
"iPhone18,2",heat_128x256_s32_fp16,1,cpu,b2b,3,0.3514,1
"iPhone18,2",heat_128x256_s32_fp16,1,metal,b2b,1,0.3261,1
"iPhone18,2",heat_128x256_s32_fp16,1,metal-exec,b2b,1,0.1101,1
"iPhone18,2",heat_128x256_s32_fp16,1,metal,b2b,2,0.3761,1
"iPhone18,2",heat_128x256_s32_fp16,1,metal-exec,b2b,2,0.1063,1
"iPhone18,2",heat_128x256_s32_fp16,1,metal,b2b,3,0.3850,1
"iPhone18,2",heat_128x256_s32_fp16,1,metal-exec,b2b,3,0.1072,1
"iPhone18,2",heat_128x256_s32_fp16,2,ne,b2b,1,0.3517,1
"iPhone18,2",heat_128x256_s32_fp16,2,ne,b2b,2,0.3942,1
"iPhone18,2",heat_128x256_s32_fp16,2,ne,b2b,3,0.3938,1
"iPhone18,2",heat_128x256_s32_fp16,2,ne,paced,1,1.3457,1
"iPhone18,2",heat_128x256_s32_fp16,2,ne,paced,2,1.3341,1
"iPhone18,2",heat_128x256_s32_fp16,2,gpu,b2b,1,0.7526,1
"iPhone18,2",heat_128x256_s32_fp16,2,gpu,b2b,2,0.7344,1
"iPhone18,2",heat_128x256_s32_fp16,2,gpu,b2b,3,0.7376,1
"iPhone18,2",heat_128x256_s32_fp16,2,cpu,b2b,1,0.7012,1
"iPhone18,2",heat_128x256_s32_fp16,2,cpu,b2b,2,0.6735,1
"iPhone18,2",heat_128x256_s32_fp16,2,cpu,b2b,3,0.6811,1
"iPhone18,2",heat_128x256_s32_fp16,2,metal,b2b,1,0.4085,1
"iPhone18,2",heat_128x256_s32_fp16,2,metal-exec,b2b,1,0.2034,1
"iPhone18,2",heat_128x256_s32_fp16,2,metal,b2b,2,0.4218,1
"iPhone18,2",heat_128x256_s32_fp16,2,metal-exec,b2b,2,0.2051,1
"iPhone18,2",heat_128x256_s32_fp16,2,metal,b2b,3,0.4220,1
"iPhone18,2",heat_128x256_s32_fp16,2,metal-exec,b2b,3,0.2050,1
"iPhone18,2",heat_128x256_s32_fp16,4,ne,b2b,1,0.5452,1
"iPhone18,2",heat_128x256_s32_fp16,4,ne,b2b,2,0.5604,1
"iPhone18,2",heat_128x256_s32_fp16,4,ne,b2b,3,0.5593,1
"iPhone18,2",heat_128x256_s32_fp16,4,ne,paced,1,2.1768,1
"iPhone18,2",heat_128x256_s32_fp16,4,ne,paced,2,2.1844,1
"iPhone18,2",heat_128x256_s32_fp16,4,gpu,b2b,1,1.3882,1
"iPhone18,2",heat_128x256_s32_fp16,4,gpu,b2b,2,1.2614,1
"iPhone18,2",heat_128x256_s32_fp16,4,gpu,b2b,3,1.2506,1
"iPhone18,2",heat_128x256_s32_fp16,4,cpu,b2b,1,1.3813,1
"iPhone18,2",heat_128x256_s32_fp16,4,cpu,b2b,2,1.3997,1
"iPhone18,2",heat_128x256_s32_fp16,4,cpu,b2b,3,1.4207,1
"iPhone18,2",heat_128x256_s32_fp16,4,metal,b2b,1,0.6714,1
"iPhone18,2",heat_128x256_s32_fp16,4,metal-exec,b2b,1,0.4160,1
"iPhone18,2",heat_128x256_s32_fp16,4,metal,b2b,2,0.6462,1
"iPhone18,2",heat_128x256_s32_fp16,4,metal-exec,b2b,2,0.4098,1
"iPhone18,2",heat_128x256_s32_fp16,4,metal,b2b,3,0.6564,1
"iPhone18,2",heat_128x256_s32_fp16,4,metal-exec,b2b,3,0.4095,1
"iPhone18,2",heat_128x256_s32_fp16,8,ne,b2b,1,0.8092,1
"iPhone18,2",heat_128x256_s32_fp16,8,ne,b2b,2,0.8209,1
"iPhone18,2",heat_128x256_s32_fp16,8,ne,b2b,3,0.8118,1
"iPhone18,2",heat_128x256_s32_fp16,8,ne,paced,1,3.4472,1
"iPhone18,2",heat_128x256_s32_fp16,8,ne,paced,2,3.4985,1
"iPhone18,2",heat_128x256_s32_fp16,8,gpu,b2b,1,2.1523,1
"iPhone18,2",heat_128x256_s32_fp16,8,gpu,b2b,2,2.1522,1
"iPhone18,2",heat_128x256_s32_fp16,8,gpu,b2b,3,2.1552,1
"iPhone18,2",heat_128x256_s32_fp16,8,cpu,b2b,1,2.8561,1
"iPhone18,2",heat_128x256_s32_fp16,8,cpu,b2b,2,2.8498,1
"iPhone18,2",heat_128x256_s32_fp16,8,cpu,b2b,3,2.8571,1
"iPhone18,2",heat_128x256_s32_fp16,8,metal,b2b,1,1.0956,1
"iPhone18,2",heat_128x256_s32_fp16,8,metal-exec,b2b,1,0.8243,1
"iPhone18,2",heat_128x256_s32_fp16,8,metal,b2b,2,1.0843,1
"iPhone18,2",heat_128x256_s32_fp16,8,metal-exec,b2b,2,0.8227,1
"iPhone18,2",heat_128x256_s32_fp16,8,metal,b2b,3,1.0889,1
"iPhone18,2",heat_128x256_s32_fp16,8,metal-exec,b2b,3,0.8229,1
"iPhone18,2",heat_128x256_s8_fp16,1,ne,b2b,1,0.1585,1
"iPhone18,2",heat_128x256_s8_fp16,1,ne,b2b,2,0.1430,1
"iPhone18,2",heat_128x256_s8_fp16,1,ne,b2b,3,0.1446,1
"iPhone18,2",heat_128x256_s8_fp16,1,ne,paced,1,0.6507,1
"iPhone18,2",heat_128x256_s8_fp16,1,ne,paced,2,0.6512,1
"iPhone18,2",heat_128x256_s8_fp16,1,gpu,b2b,1,0.1202,1
"iPhone18,2",heat_128x256_s8_fp16,1,gpu,b2b,2,0.1107,1
"iPhone18,2",heat_128x256_s8_fp16,1,gpu,b2b,3,0.1140,1
"iPhone18,2",heat_128x256_s8_fp16,1,cpu,b2b,1,0.1118,1
"iPhone18,2",heat_128x256_s8_fp16,1,cpu,b2b,2,0.1145,1
"iPhone18,2",heat_128x256_s8_fp16,1,cpu,b2b,3,0.1138,1
"iPhone18,2",heat_128x256_s8_fp16,1,metal,b2b,1,0.3293,1
"iPhone18,2",heat_128x256_s8_fp16,1,metal-exec,b2b,1,0.0752,1
"iPhone18,2",heat_128x256_s8_fp16,1,metal,b2b,2,0.2873,1
"iPhone18,2",heat_128x256_s8_fp16,1,metal-exec,b2b,2,0.0291,1
"iPhone18,2",heat_128x256_s8_fp16,1,metal,b2b,3,0.3077,1
"iPhone18,2",heat_128x256_s8_fp16,1,metal-exec,b2b,3,0.0275,1
"iPhone18,2",heat_128x256_s8_fp16,2,ne,b2b,1,0.1935,1
"iPhone18,2",heat_128x256_s8_fp16,2,ne,b2b,2,0.1954,1
"iPhone18,2",heat_128x256_s8_fp16,2,ne,b2b,3,0.1978,1
"iPhone18,2",heat_128x256_s8_fp16,2,ne,paced,1,0.8520,1
"iPhone18,2",heat_128x256_s8_fp16,2,ne,paced,2,0.9065,1
"iPhone18,2",heat_128x256_s8_fp16,2,gpu,b2b,1,0.2038,1
"iPhone18,2",heat_128x256_s8_fp16,2,gpu,b2b,2,0.2003,1
"iPhone18,2",heat_128x256_s8_fp16,2,gpu,b2b,3,0.1960,1
"iPhone18,2",heat_128x256_s8_fp16,2,cpu,b2b,1,0.1976,1
"iPhone18,2",heat_128x256_s8_fp16,2,cpu,b2b,2,0.1985,1
"iPhone18,2",heat_128x256_s8_fp16,2,cpu,b2b,3,0.1977,1
"iPhone18,2",heat_128x256_s8_fp16,2,metal,b2b,1,0.4701,1
"iPhone18,2",heat_128x256_s8_fp16,2,metal-exec,b2b,1,0.1683,1
"iPhone18,2",heat_128x256_s8_fp16,2,metal,b2b,2,0.3366,1
"iPhone18,2",heat_128x256_s8_fp16,2,metal-exec,b2b,2,0.0562,1
"iPhone18,2",heat_128x256_s8_fp16,2,metal,b2b,3,0.3336,1
"iPhone18,2",heat_128x256_s8_fp16,2,metal-exec,b2b,3,0.0542,1
"iPhone18,2",heat_128x256_s8_fp16,4,ne,b2b,1,0.2522,1
"iPhone18,2",heat_128x256_s8_fp16,4,ne,b2b,2,0.2690,1
"iPhone18,2",heat_128x256_s8_fp16,4,ne,b2b,3,0.2595,1
"iPhone18,2",heat_128x256_s8_fp16,4,ne,paced,1,1.2516,1
"iPhone18,2",heat_128x256_s8_fp16,4,ne,paced,2,1.1878,1
"iPhone18,2",heat_128x256_s8_fp16,4,gpu,b2b,1,0.6734,1
"iPhone18,2",heat_128x256_s8_fp16,4,gpu,b2b,2,0.5444,1
"iPhone18,2",heat_128x256_s8_fp16,4,gpu,b2b,3,0.5475,1
"iPhone18,2",heat_128x256_s8_fp16,4,cpu,b2b,1,0.3719,1
"iPhone18,2",heat_128x256_s8_fp16,4,cpu,b2b,2,0.3638,1
"iPhone18,2",heat_128x256_s8_fp16,4,cpu,b2b,3,0.3564,1
"iPhone18,2",heat_128x256_s8_fp16,4,metal,b2b,1,0.3098,1
"iPhone18,2",heat_128x256_s8_fp16,4,metal-exec,b2b,1,0.1012,1
"iPhone18,2",heat_128x256_s8_fp16,4,metal,b2b,2,0.3479,1
"iPhone18,2",heat_128x256_s8_fp16,4,metal-exec,b2b,2,0.1045,1
"iPhone18,2",heat_128x256_s8_fp16,4,metal,b2b,3,0.3865,1
"iPhone18,2",heat_128x256_s8_fp16,4,metal-exec,b2b,3,0.1072,1
"iPhone18,2",heat_128x256_s8_fp16,8,ne,b2b,1,0.3666,1
"iPhone18,2",heat_128x256_s8_fp16,8,ne,b2b,2,0.3580,1
"iPhone18,2",heat_128x256_s8_fp16,8,ne,b2b,3,0.3555,1
"iPhone18,2",heat_128x256_s8_fp16,8,ne,paced,1,1.7369,1
"iPhone18,2",heat_128x256_s8_fp16,8,ne,paced,2,1.7332,1
"iPhone18,2",heat_128x256_s8_fp16,8,gpu,b2b,1,0.9188,1
"iPhone18,2",heat_128x256_s8_fp16,8,gpu,b2b,2,0.7311,1
"iPhone18,2",heat_128x256_s8_fp16,8,gpu,b2b,3,0.7310,1
"iPhone18,2",heat_128x256_s8_fp16,8,cpu,b2b,1,0.6954,1
"iPhone18,2",heat_128x256_s8_fp16,8,cpu,b2b,2,0.6743,1
"iPhone18,2",heat_128x256_s8_fp16,8,cpu,b2b,3,0.7141,1
"iPhone18,2",heat_128x256_s8_fp16,8,metal,b2b,1,0.4049,1
"iPhone18,2",heat_128x256_s8_fp16,8,metal-exec,b2b,1,0.2031,1
"iPhone18,2",heat_128x256_s8_fp16,8,metal,b2b,2,0.4182,1
"iPhone18,2",heat_128x256_s8_fp16,8,metal-exec,b2b,2,0.2049,1
"iPhone18,2",heat_128x256_s8_fp16,8,metal,b2b,3,0.4174,1
"iPhone18,2",heat_128x256_s8_fp16,8,metal-exec,b2b,3,0.2050,1
"iPhone18,2",grayscott_128x256_s8_fp16,1,ne,b2b,1,0.2061,1
"iPhone18,2",grayscott_128x256_s8_fp16,1,ne,b2b,2,0.2137,1
"iPhone18,2",grayscott_128x256_s8_fp16,1,ne,b2b,3,0.2148,1
"iPhone18,2",grayscott_128x256_s8_fp16,1,ne,paced,1,0.8996,1
"iPhone18,2",grayscott_128x256_s8_fp16,1,ne,paced,2,0.9532,1
"iPhone18,2",grayscott_128x256_s8_fp16,1,gpu,b2b,1,0.4630,1
"iPhone18,2",grayscott_128x256_s8_fp16,1,gpu,b2b,2,0.4553,1
"iPhone18,2",grayscott_128x256_s8_fp16,1,gpu,b2b,3,0.4313,1
"iPhone18,2",grayscott_128x256_s8_fp16,1,cpu,b2b,1,0.2553,1
"iPhone18,2",grayscott_128x256_s8_fp16,1,cpu,b2b,2,0.2553,1
"iPhone18,2",grayscott_128x256_s8_fp16,1,cpu,b2b,3,0.2524,1
"iPhone18,2",grayscott_128x256_s8_fp16,1,metal,b2b,1,0.2371,1
"iPhone18,2",grayscott_128x256_s8_fp16,1,metal-exec,b2b,1,0.0386,1
"iPhone18,2",grayscott_128x256_s8_fp16,1,metal,b2b,2,0.2099,1
"iPhone18,2",grayscott_128x256_s8_fp16,1,metal-exec,b2b,2,0.0265,1
"iPhone18,2",grayscott_128x256_s8_fp16,1,metal,b2b,3,0.2289,1
"iPhone18,2",grayscott_128x256_s8_fp16,1,metal-exec,b2b,3,0.0271,1
"iPhone18,2",grayscott_128x256_s8_fp16,2,ne,b2b,1,0.2936,1
"iPhone18,2",grayscott_128x256_s8_fp16,2,ne,b2b,2,0.3067,1
"iPhone18,2",grayscott_128x256_s8_fp16,2,ne,b2b,3,0.2856,1
"iPhone18,2",grayscott_128x256_s8_fp16,2,ne,paced,1,1.1919,1
"iPhone18,2",grayscott_128x256_s8_fp16,2,ne,paced,2,1.1823,1
"iPhone18,2",grayscott_128x256_s8_fp16,2,gpu,b2b,1,0.7513,1
"iPhone18,2",grayscott_128x256_s8_fp16,2,gpu,b2b,2,0.6706,1
"iPhone18,2",grayscott_128x256_s8_fp16,2,gpu,b2b,3,0.6719,1
"iPhone18,2",grayscott_128x256_s8_fp16,2,cpu,b2b,1,0.5426,1
"iPhone18,2",grayscott_128x256_s8_fp16,2,cpu,b2b,2,0.5342,1
"iPhone18,2",grayscott_128x256_s8_fp16,2,cpu,b2b,3,0.5076,1
"iPhone18,2",grayscott_128x256_s8_fp16,2,metal,b2b,1,0.2601,1
"iPhone18,2",grayscott_128x256_s8_fp16,2,metal-exec,b2b,1,0.0604,1
"iPhone18,2",grayscott_128x256_s8_fp16,2,metal,b2b,2,0.2967,1
"iPhone18,2",grayscott_128x256_s8_fp16,2,metal-exec,b2b,2,0.0552,1
"iPhone18,2",grayscott_128x256_s8_fp16,2,metal,b2b,3,0.3151,1
"iPhone18,2",grayscott_128x256_s8_fp16,2,metal-exec,b2b,3,0.0563,1
"iPhone18,2",grayscott_128x256_s8_fp16,4,ne,b2b,1,0.4308,1
"iPhone18,2",grayscott_128x256_s8_fp16,4,ne,b2b,2,0.3990,1
"iPhone18,2",grayscott_128x256_s8_fp16,4,ne,b2b,3,0.3940,1
"iPhone18,2",grayscott_128x256_s8_fp16,4,ne,paced,1,1.7353,1
"iPhone18,2",grayscott_128x256_s8_fp16,4,ne,paced,2,1.7470,1
"iPhone18,2",grayscott_128x256_s8_fp16,4,gpu,b2b,1,0.9795,1
"iPhone18,2",grayscott_128x256_s8_fp16,4,gpu,b2b,2,0.9330,1
"iPhone18,2",grayscott_128x256_s8_fp16,4,gpu,b2b,3,0.9394,1
"iPhone18,2",grayscott_128x256_s8_fp16,4,cpu,b2b,1,0.8988,1
"iPhone18,2",grayscott_128x256_s8_fp16,4,cpu,b2b,2,0.9009,1
"iPhone18,2",grayscott_128x256_s8_fp16,4,cpu,b2b,3,0.9003,1
"iPhone18,2",grayscott_128x256_s8_fp16,4,metal,b2b,1,0.3302,1
"iPhone18,2",grayscott_128x256_s8_fp16,4,metal-exec,b2b,1,0.1106,1
"iPhone18,2",grayscott_128x256_s8_fp16,4,metal,b2b,2,0.3804,1
"iPhone18,2",grayscott_128x256_s8_fp16,4,metal-exec,b2b,2,0.1114,1
"iPhone18,2",grayscott_128x256_s8_fp16,4,metal,b2b,3,0.3997,1
"iPhone18,2",grayscott_128x256_s8_fp16,4,metal-exec,b2b,3,0.1133,1
"iPhone18,2",grayscott_128x256_s8_fp16,8,ne,b2b,1,0.7099,1
"iPhone18,2",grayscott_128x256_s8_fp16,8,ne,b2b,2,0.6882,1
"iPhone18,2",grayscott_128x256_s8_fp16,8,ne,b2b,3,0.6895,1
"iPhone18,2",grayscott_128x256_s8_fp16,8,ne,paced,1,2.8571,1
"iPhone18,2",grayscott_128x256_s8_fp16,8,ne,paced,2,2.8666,1
"iPhone18,2",grayscott_128x256_s8_fp16,8,gpu,b2b,1,1.6012,1
"iPhone18,2",grayscott_128x256_s8_fp16,8,gpu,b2b,2,1.6846,1
"iPhone18,2",grayscott_128x256_s8_fp16,8,gpu,b2b,3,1.8819,1
"iPhone18,2",grayscott_128x256_s8_fp16,8,cpu,b2b,1,1.7907,1
"iPhone18,2",grayscott_128x256_s8_fp16,8,cpu,b2b,2,1.8258,1
"iPhone18,2",grayscott_128x256_s8_fp16,8,cpu,b2b,3,1.8407,1
"iPhone18,2",grayscott_128x256_s8_fp16,8,metal,b2b,1,0.4347,1
"iPhone18,2",grayscott_128x256_s8_fp16,8,metal-exec,b2b,1,0.2203,1
"iPhone18,2",grayscott_128x256_s8_fp16,8,metal,b2b,2,0.4304,1
"iPhone18,2",grayscott_128x256_s8_fp16,8,metal-exec,b2b,2,0.2136,1
"iPhone18,2",grayscott_128x256_s8_fp16,8,metal,b2b,3,0.4277,1
"iPhone18,2",grayscott_128x256_s8_fp16,8,metal-exec,b2b,3,0.2137,1
"iPhone18,2",ink_unroll_128x256_j26_fp16,1,cpu,paced,1,6.4891,1
"iPhone18,2",ink_unroll_128x256_j26_fp16,1,cpu,paced,2,6.4284,1
"iPhone18,2",ink_unroll_128x256_j26_fp16,1,gpu,paced,1,4.2682,1
"iPhone18,2",ink_unroll_128x256_j26_fp16,1,gpu,paced,2,4.2440,1
"iPhone18,2",ink_unroll_128x256_j26_fp16,1,metal,paced,1,1.2385,1
"iPhone18,2",ink_unroll_128x256_j26_fp16,1,metal-exec,paced,1,0.5170,1
"iPhone18,2",ink_unroll_128x256_j26_fp16,1,metal,paced,2,1.2482,1
"iPhone18,2",ink_unroll_128x256_j26_fp16,1,metal-exec,paced,2,0.5129,1
"iPhone18,2",ink_unroll_128x256_j26_fp16,8,cpu,paced,1,28.8902,1
"iPhone18,2",ink_unroll_128x256_j26_fp16,8,cpu,paced,2,29.2943,1
"iPhone18,2",ink_unroll_128x256_j26_fp16,8,gpu,paced,1,16.0855,1
"iPhone18,2",ink_unroll_128x256_j26_fp16,8,gpu,paced,2,15.6792,1
"iPhone18,2",ink_unroll_128x256_j26_fp16,8,metal,paced,1,5.1344,1
"iPhone18,2",ink_unroll_128x256_j26_fp16,8,metal-exec,paced,1,4.0296,1
"iPhone18,2",ink_unroll_128x256_j26_fp16,8,metal,paced,2,5.2791,1
"iPhone18,2",ink_unroll_128x256_j26_fp16,8,metal-exec,paced,2,4.1483,1
"iPhone18,2",heat_128x256_s32_fp16,1,cpu,paced,1,2.4021,1
"iPhone18,2",heat_128x256_s32_fp16,1,cpu,paced,2,2.6282,1
"iPhone18,2",heat_128x256_s32_fp16,1,gpu,paced,1,3.4861,1
"iPhone18,2",heat_128x256_s32_fp16,1,gpu,paced,2,3.3842,1
"iPhone18,2",heat_128x256_s32_fp16,1,metal,paced,1,1.2451,1
"iPhone18,2",heat_128x256_s32_fp16,1,metal-exec,paced,1,0.5259,1
"iPhone18,2",heat_128x256_s32_fp16,1,metal,paced,2,1.2444,1
"iPhone18,2",heat_128x256_s32_fp16,1,metal-exec,paced,2,0.5262,1
"iPhone18,2",heat_128x256_s32_fp16,8,cpu,paced,1,14.2590,1
"iPhone18,2",heat_128x256_s32_fp16,8,cpu,paced,2,14.8158,1
"iPhone18,2",heat_128x256_s32_fp16,8,gpu,paced,1,12.9335,1
"iPhone18,2",heat_128x256_s32_fp16,8,gpu,paced,2,13.0180,1
"iPhone18,2",heat_128x256_s32_fp16,8,metal,paced,1,5.0834,1
"iPhone18,2",heat_128x256_s32_fp16,8,metal-exec,paced,1,4.0446,1
"iPhone18,2",heat_128x256_s32_fp16,8,metal,paced,2,5.1867,1
"iPhone18,2",heat_128x256_s32_fp16,8,metal-exec,paced,2,4.1087,1
