device,soc,workload,K,units,mode,rep,ms_per_submission,thermal,battery_c
2311DRK48G,Mediatek MT6897,heat_s8,1,gles,b2b,1,1.9454,0,29.6
2311DRK48G,Mediatek MT6897,heat_s8,1,gles,b2b,2,2.1894,0,29.6
2311DRK48G,Mediatek MT6897,heat_s8,1,gles,b2b,3,2.2673,0,29.6
2311DRK48G,Mediatek MT6897,heat_s8,1,gles,paced,1,8.1020,0,29.6
2311DRK48G,Mediatek MT6897,heat_s8,1,gles,paced,2,8.8713,0,29.6
2311DRK48G,Mediatek MT6897,heat_s8,1,gles,paced,3,8.8880,0,29.6
2311DRK48G,Mediatek MT6897,heat_s8,1,litert-cpu,b2b,1,4.0923,0,29.6
2311DRK48G,Mediatek MT6897,heat_s8,1,litert-cpu,b2b,2,3.3821,0,29.6
2311DRK48G,Mediatek MT6897,heat_s8,1,litert-cpu,b2b,3,2.8490,0,29.6
2311DRK48G,Mediatek MT6897,heat_s8,1,litert-cpu,paced,1,20.0257,0,29.6
2311DRK48G,Mediatek MT6897,heat_s8,1,litert-cpu,paced,2,20.2721,0,29.6
2311DRK48G,Mediatek MT6897,heat_s8,1,litert-cpu,paced,3,20.1812,0,29.6
2311DRK48G,Mediatek MT6897,heat_s8,1,nnapi,b2b,1,1.0355,0,29.6
2311DRK48G,Mediatek MT6897,heat_s8,1,nnapi,b2b,2,1.0506,0,29.6
2311DRK48G,Mediatek MT6897,heat_s8,1,nnapi,b2b,3,1.0785,0,29.6
2311DRK48G,Mediatek MT6897,heat_s8,1,nnapi,paced,1,1.9608,0,29.6
2311DRK48G,Mediatek MT6897,heat_s8,1,nnapi,paced,2,2.0986,0,29.6
2311DRK48G,Mediatek MT6897,heat_s8,1,nnapi,paced,3,2.1280,0,29.6
2311DRK48G,Mediatek MT6897,heat_s8,2,gles,b2b,1,1.7696,0,29.6
2311DRK48G,Mediatek MT6897,heat_s8,2,gles,b2b,2,2.8873,0,29.6
2311DRK48G,Mediatek MT6897,heat_s8,2,gles,b2b,3,6.3819,0,29.6
2311DRK48G,Mediatek MT6897,heat_s8,2,gles,paced,1,9.9246,0,29.6
2311DRK48G,Mediatek MT6897,heat_s8,2,gles,paced,2,10.9659,0,29.6
2311DRK48G,Mediatek MT6897,heat_s8,2,gles,paced,3,11.1745,0,29.6
2311DRK48G,Mediatek MT6897,heat_s8,2,litert-cpu,b2b,1,6.9467,0,29.6
2311DRK48G,Mediatek MT6897,heat_s8,2,litert-cpu,b2b,2,5.6253,0,29.6
2311DRK48G,Mediatek MT6897,heat_s8,2,litert-cpu,b2b,3,5.4371,0,29.6
2311DRK48G,Mediatek MT6897,heat_s8,2,litert-cpu,paced,1,37.7828,0,29.6
2311DRK48G,Mediatek MT6897,heat_s8,2,litert-cpu,paced,2,38.6556,0,29.6
2311DRK48G,Mediatek MT6897,heat_s8,2,litert-cpu,paced,3,39.3716,0,29.6
2311DRK48G,Mediatek MT6897,heat_s8,2,nnapi,b2b,1,1.3781,0,29.6
2311DRK48G,Mediatek MT6897,heat_s8,2,nnapi,b2b,2,1.4286,0,29.6
2311DRK48G,Mediatek MT6897,heat_s8,2,nnapi,b2b,3,1.5301,0,29.6
