t,frameMs,tickMs,buildMs,encodeMs,gpuMs,inkMs,instances
0.000,29.05,0.01,0.21,1738.89,0.00,0.00,380
1.741,1740.79,0.00,0.10,1.37,0.00,0.03,376
1.756,15.35,0.00,0.09,1.17,14.42,0.00,373
1.773,16.74,0.02,0.09,16.60,7.81,0.04,372
1.790,16.73,0.00,0.09,16.56,7.89,0.00,373
1.806,16.68,0.00,0.10,35.32,7.89,18.34,374
1.857,50.22,0.01,0.15,0.44,7.23,0.04,377
1.873,16.70,0.00,0.14,0.45,7.36,0.05,377
1.890,16.73,0.00,0.16,0.11,7.26,0.00,377
1.907,16.77,0.00,0.15,0.55,7.31,0.07,377
1.923,16.74,0.01,0.20,0.13,7.18,0.00,378
1.940,16.85,0.02,0.39,23.28,7.40,22.41,377
1.964,23.78,0.01,0.26,0.75,7.40,0.06,376
1.974,9.63,0.01,0.21,16.57,13.77,0.00,375
1.991,16.87,0.01,0.40,16.56,7.49,0.00,378
2.008,17.06,0.01,0.27,16.98,7.41,0.23,376
2.025,17.35,0.01,0.42,15.49,7.27,0.00,375
2.041,16.02,0.01,0.44,17.71,7.47,0.31,375
2.059,18.46,0.07,0.68,14.10,7.29,0.00,374
2.074,15.02,0.02,0.70,50.49,7.44,34.11,372
2.141,66.54,0.02,0.40,1.10,7.49,0.11,370
2.158,16.72,0.01,0.25,0.77,7.43,0.07,370
2.174,16.74,0.01,0.24,0.26,7.46,0.00,370
2.191,16.67,0.01,0.26,0.87,7.44,0.12,369
2.208,16.78,0.01,0.25,0.28,7.48,0.00,368
2.225,16.75,0.02,0.25,32.64,7.47,31.68,369
2.258,33.39,0.02,0.33,0.87,7.47,0.09,369
2.275,16.80,0.01,0.33,16.55,13.80,0.00,371
2.292,16.99,0.03,0.73,17.55,7.79,0.31,371
2.310,18.46,0.02,0.81,14.28,7.61,0.00,370
2.326,15.25,0.02,0.68,17.37,7.74,0.30,370
2.344,18.39,0.02,0.65,14.30,7.61,0.00,369
2.359,15.10,0.02,0.66,50.53,7.73,34.19,370
2.425,66.35,0.02,0.33,0.93,7.64,0.10,370
2.442,16.84,0.02,0.46,1.33,7.56,0.11,370
2.459,16.72,0.01,0.55,0.51,7.59,0.00,370
2.476,16.74,0.02,0.75,2.08,7.49,0.30,369
2.492,16.74,0.02,0.74,0.47,7.51,0.00,369
2.509,16.72,0.02,0.72,35.72,7.41,34.76,369
2.559,50.22,0.03,0.40,1.10,7.47,0.10,369
2.576,16.72,0.02,0.46,1.31,7.57,0.10,368
2.593,16.70,0.01,0.53,0.52,7.59,0.00,397
2.610,16.77,0.02,0.73,2.05,7.57,0.24,398
2.626,16.73,0.02,0.73,0.50,7.64,0.00,398
2.643,16.73,0.02,0.75,34.97,7.52,34.01,398
2.693,50.22,0.03,0.35,0.89,7.58,0.09,401
2.710,16.73,0.01,0.36,1.32,7.44,0.12,401
2.727,16.70,0.02,0.71,0.49,7.44,0.00,400
2.743,16.81,0.04,0.69,2.15,7.37,0.30,400
2.760,16.70,0.02,0.70,0.48,7.40,0.00,400
2.777,16.77,0.02,0.67,34.62,7.31,33.68,400
2.827,50.16,0.03,0.40,1.08,7.40,0.11,400
2.844,16.72,0.02,0.44,1.29,7.34,0.11,399
2.861,16.72,0.01,0.54,0.49,7.35,0.00,399
2.877,16.75,0.02,0.62,2.08,7.28,0.32,399
2.894,16.74,0.02,0.71,0.50,7.30,0.00,399
2.911,16.74,0.02,0.69,33.80,7.21,32.95,399
2.961,50.17,0.03,0.35,0.97,7.23,0.11,398
2.978,16.76,0.02,0.38,1.34,7.14,0.11,399
2.994,16.70,0.01,0.50,0.35,7.25,0.00,398
3.011,16.81,0.02,0.66,2.14,7.21,0.31,398
3.028,16.69,0.02,0.69,0.52,7.25,0.00,399
3.045,16.72,0.02,0.73,34.80,7.31,33.82,398
3.095,50.22,0.02,0.37,0.89,7.29,0.09,396
3.112,16.70,0.01,0.33,1.31,7.22,0.12,396
3.128,16.81,0.04,0.71,0.50,7.27,0.00,398
3.145,16.72,0.02,0.70,2.12,7.34,0.30,397
3.162,16.74,0.03,0.71,0.49,7.42,0.00,397
3.179,16.74,0.02,0.70,33.78,7.33,32.96,397
3.229,50.18,0.04,0.38,0.98,7.43,0.09,395
3.245,16.68,0.01,0.41,1.35,7.36,0.13,394
3.262,16.71,0.02,0.63,0.50,7.40,0.00,394
3.279,16.83,0.02,0.70,2.10,7.45,0.32,393
3.296,16.72,0.02,0.68,0.52,7.48,0.00,392
3.312,16.76,0.03,0.72,35.52,7.43,34.50,391
3.363,50.17,0.03,0.44,1.10,7.51,0.11,385
3.379,16.70,0.01,0.43,1.29,7.38,0.11,385
3.396,16.74,0.01,0.52,0.48,7.41,0.00,384
3.413,16.76,0.02,0.61,2.15,7.35,0.31,384
3.430,16.81,0.03,0.71,35.14,7.51,34.08,381
3.480,50.15,0.03,0.37,0.91,7.51,0.10,380
3.496,16.70,0.01,0.50,1.32,7.38,0.12,380
3.513,16.75,0.02,0.71,0.48,7.40,0.00,379
3.530,16.74,0.02,0.71,2.15,7.34,0.30,378
3.547,16.73,0.02,0.74,0.49,7.39,0.00,376
3.563,16.74,0.03,0.77,35.13,7.29,34.18,374
3.614,50.23,0.19,0.37,0.90,7.47,0.10,413
3.630,16.69,0.02,0.34,1.30,8.09,0.12,413
3.647,16.68,0.02,0.63,0.48,8.12,0.00,413
3.664,16.83,0.02,0.73,2.14,8.05,0.31,412
3.681,16.73,0.02,0.74,0.47,8.11,0.00,412
3.697,16.76,0.02,0.70,33.35,8.02,32.41,412
3.732,34.18,0.02,0.33,0.78,8.02,0.09,412
3.747,15.98,0.02,0.31,16.70,14.82,0.00,412
3.765,17.12,0.01,0.38,18.03,8.19,0.35,412
3.783,18.60,0.02,0.58,14.32,8.07,0.00,413
3.798,15.05,0.02,0.75,17.30,8.14,0.34,413
3.816,18.22,0.10,0.75,14.33,8.02,0.00,414
3.832,15.32,0.02,0.71,50.67,8.17,34.40,412
3.898,66.26,0.03,0.34,0.92,8.02,0.09,413
3.915,16.82,0.02,0.49,1.35,8.00,0.12,412
3.932,16.71,0.02,0.79,0.53,8.01,0.00,412
3.948,16.76,0.02,0.74,2.18,7.95,0.31,413
3.965,16.73,0.03,0.75,0.55,7.95,0.00,414
3.982,16.69,0.02,0.74,35.36,7.90,34.41,414
4.032,50.16,0.03,0.41,1.12,7.91,0.12,413
4.049,16.84,0.03,0.50,1.43,8.01,0.13,413
4.065,16.73,0.03,0.76,0.51,7.88,0.00,411
4.082,16.73,0.02,0.75,2.17,7.80,0.31,410
4.099,16.73,0.02,0.77,0.53,7.81,0.00,409
4.116,16.68,0.02,0.72,36.03,7.74,34.94,409
4.166,50.29,0.04,0.42,1.11,7.75,0.10,410
4.183,16.69,0.02,0.47,1.35,7.92,0.11,410
4.199,16.70,0.03,0.74,0.52,7.91,0.00,410
4.216,16.80,0.02,0.78,2.10,7.85,0.26,411
4.233,16.77,0.02,0.71,0.53,7.88,0.00,410
4.250,16.70,0.02,0.71,34.72,7.82,33.64,407
4.300,50.21,0.04,0.44,1.06,7.90,0.09,408
4.316,16.71,0.02,0.46,1.37,7.74,0.11,410
4.333,16.75,0.02,0.52,0.36,7.73,0.00,409
4.350,16.67,0.02,0.72,2.11,7.69,0.29,409
4.367,16.74,0.02,0.80,0.46,7.70,0.00,409
4.383,16.77,0.03,0.76,35.44,7.60,34.39,409
4.434,50.25,0.03,0.43,1.13,7.68,0.11,406
4.450,16.70,0.02,0.46,1.28,7.52,0.12,406
4.467,16.75,0.03,0.78,0.51,7.53,0.00,406
4.484,16.69,0.02,0.84,2.20,7.57,0.30,406
4.501,16.80,0.03,0.76,0.48,7.63,0.00,406
4.517,16.67,0.02,0.70,34.86,7.54,33.88,405
4.568,50.27,0.04,0.43,1.11,7.54,0.11,400
4.584,16.70,0.02,0.49,1.39,7.40,0.12,401
4.601,16.74,0.02,0.75,0.49,7.43,0.00,401
4.618,16.73,0.03,0.73,2.10,7.38,0.30,401
4.634,16.76,0.02,0.75,0.51,7.56,0.00,401
4.651,16.71,0.02,0.73,34.80,7.52,33.86,402
4.701,50.18,0.03,0.43,1.10,7.65,0.11,401
4.718,16.67,0.02,0.51,1.29,7.61,0.11,401
4.735,16.83,0.03,0.76,0.46,7.65,0.00,401
4.752,16.73,0.02,0.68,2.15,7.59,0.30,400
4.768,16.73,0.03,0.73,0.46,7.64,0.00,401
4.785,16.74,0.02,0.72,34.53,7.70,33.58,401
4.835,50.21,0.04,0.45,1.09,7.81,0.11,402
4.852,16.70,0.02,0.47,1.39,7.81,0.11,402
4.869,16.73,0.02,0.58,0.50,7.92,0.00,402
4.885,16.76,0.02,0.74,2.01,7.95,0.30,403
4.902,16.73,0.02,0.75,0.50,8.11,0.00,403
4.919,16.73,0.03,0.72,34.24,8.13,33.30,404
4.969,50.18,0.03,0.38,0.97,8.40,0.10,404
4.986,16.74,0.02,0.43,1.40,8.30,0.14,405
5.003,16.71,0.02,0.60,0.34,8.29,0.00,405
5.019,16.78,0.02,0.74,2.11,8.20,0.32,405
5.036,16.75,0.02,0.73,0.47,8.22,0.00,405
5.053,16.71,0.02,0.82,33.92,8.13,33.10,404
5.103,50.15,0.03,0.37,0.94,8.19,0.09,407
5.120,16.85,0.02,0.51,1.28,8.39,0.11,406
5.137,16.73,0.02,0.74,0.49,8.49,0.00,405
5.153,16.72,0.02,0.74,2.20,8.48,0.31,406
5.170,16.75,0.02,0.71,0.48,8.56,0.00,405
5.187,16.72,0.02,0.70,34.58,8.58,33.65,404
5.237,50.18,0.05,0.44,1.11,8.53,0.11,404
5.254,16.70,0.02,0.46,1.31,8.27,0.11,404
5.270,16.74,0.02,0.53,0.47,8.17,0.00,402
5.287,16.76,0.02,0.75,2.11,8.02,0.31,402
5.304,16.75,0.02,0.75,0.49,8.00,0.00,403
5.321,16.72,0.02,0.76,34.85,7.88,33.87,404
5.371,50.26,0.03,0.39,0.91,7.92,0.10,405
5.388,16.66,0.02,0.53,1.36,7.95,0.14,405
5.404,16.67,0.02,0.51,0.38,7.97,0.00,405
5.421,16.80,0.02,0.37,1.09,7.89,0.15,405
5.438,16.75,0.03,0.78,0.52,7.87,0.00,407
5.454,16.69,0.02,0.74,33.69,7.78,32.72,406
5.505,50.23,0.03,0.43,1.10,7.74,0.11,406
5.521,16.67,0.02,0.51,1.32,7.46,0.11,407
5.538,16.82,0.02,0.75,0.50,7.51,0.00,407
5.555,16.76,0.02,0.72,2.09,7.44,0.31,407
5.572,16.70,0.02,0.70,0.45,7.45,0.00,406
5.588,16.73,0.02,0.60,34.04,7.37,33.10,406
5.639,50.18,0.14,0.42,1.11,7.46,0.11,429
5.655,16.76,0.02,0.48,1.37,7.73,0.12,429
5.672,16.73,0.03,0.75,0.50,7.76,0.00,429
5.689,16.74,0.02,0.72,2.07,7.80,0.30,430
5.705,16.73,0.02,0.70,0.48,7.83,0.00,430
5.722,16.73,0.02,0.69,33.82,7.75,32.77,430
5.772,50.22,0.04,0.44,1.08,7.79,0.10,430
5.789,16.70,0.02,0.46,1.32,7.62,0.11,430
5.806,16.74,0.02,0.55,0.49,7.67,0.00,431
5.823,16.75,0.03,0.68,2.08,7.59,0.27,434
5.839,16.74,0.02,0.74,0.46,7.94,0.00,434
5.856,16.72,0.02,0.67,33.93,7.89,32.89,436
5.906,50.18,0.03,0.37,0.91,7.99,0.08,439
5.923,16.74,0.02,0.53,1.29,8.03,0.09,440
5.940,16.75,0.02,0.72,0.49,8.10,0.00,440
5.956,16.70,0.03,0.70,2.03,8.08,0.22,440
5.973,16.79,0.03,0.81,0.51,8.14,0.00,442
5.990,16.72,0.02,0.72,34.78,8.04,33.82,442
6.040,50.22,0.04,0.37,0.93,8.12,0.10,441
6.057,16.68,0.02,0.39,1.33,8.14,0.11,441
6.074,16.80,0.02,0.57,0.48,8.09,0.00,441
6.090,16.72,0.02,0.75,2.09,8.06,0.31,441
6.107,16.73,0.03,0.75,0.48,8.14,0.00,441
6.124,16.75,0.03,0.73,34.73,8.15,33.70,442
6.174,50.16,0.03,0.37,0.92,8.40,0.10,440
6.191,16.75,0.02,0.49,1.31,8.42,0.12,441
6.208,16.76,0.02,0.75,0.52,8.46,0.00,442
6.224,16.74,0.02,0.74,2.08,8.41,0.30,442
6.241,16.81,0.05,0.75,0.49,8.41,0.00,442
6.258,16.60,0.03,0.76,33.87,8.32,32.90,442
6.308,50.23,0.03,0.42,1.13,8.39,0.11,441
6.325,16.73,0.02,0.54,1.37,8.36,0.14,440
6.341,16.73,0.02,0.51,0.35,8.44,0.00,440
6.358,16.79,0.03,0.76,2.30,8.45,0.33,440
6.375,16.71,0.02,0.72,0.50,8.58,0.00,441
6.392,16.74,0.03,0.79,35.18,8.62,34.23,441
6.442,50.23,0.04,0.38,0.95,8.77,0.10,442
6.459,16.72,0.02,0.47,1.36,8.91,0.12,442
6.475,16.72,0.03,0.51,0.35,8.92,0.00,441
6.492,16.70,0.03,0.76,2.11,8.78,0.30,442
6.509,16.77,0.03,0.73,0.51,8.75,0.00,443
6.525,16.72,0.02,0.75,33.69,8.62,32.74,442
6.576,50.24,0.05,0.38,0.92,8.65,0.10,442
6.592,16.73,0.02,0.49,1.32,8.88,0.12,442
6.609,16.70,0.02,0.51,0.35,9.02,0.00,441
6.626,16.75,0.38,0.88,2.24,9.02,0.42,505
6.643,16.73,0.03,0.96,0.47,9.51,0.00,505
6.659,16.73,0.03,0.95,33.72,9.38,32.80,505
6.710,50.18,0.03,0.46,0.91,9.37,0.10,503
6.726,16.69,0.03,0.47,1.03,8.97,0.10,504
6.743,16.81,0.03,1.01,0.59,9.06,0.00,504
6.760,16.73,0.03,0.97,2.07,8.93,0.30,503
6.777,16.74,0.03,1.00,0.49,8.97,0.00,502
6.793,16.73,0.03,0.98,34.43,8.85,33.36,503
6.843,50.22,0.05,0.46,0.90,8.94,0.09,502
6.860,16.62,0.02,0.50,1.37,8.81,0.11,502
6.877,16.77,0.03,0.67,0.39,8.81,0.00,502
6.894,16.80,0.03,0.98,2.12,8.86,0.30,502
6.910,16.73,0.03,0.99,0.48,8.80,0.00,502
6.927,16.73,0.03,0.95,34.38,8.66,33.34,502
6.977,50.20,0.03,0.53,1.21,8.65,0.15,501
6.994,16.72,0.02,0.62,1.36,8.33,0.12,500
7.011,16.73,0.02,0.94,0.60,8.32,0.00,501
7.027,16.69,0.04,1.01,2.28,8.21,0.31,501
7.044,16.77,0.05,1.01,0.55,8.33,0.00,501
7.061,16.78,0.03,1.00,33.54,8.23,32.71,501
7.111,50.20,0.05,0.48,0.93,8.28,0.09,502
7.128,16.69,0.02,0.52,1.34,8.09,0.11,502
7.145,16.74,0.02,0.67,0.35,8.08,0.00,502
7.161,16.74,0.03,0.98,2.10,7.99,0.31,501
7.178,16.74,0.03,0.98,0.48,7.99,0.00,502
7.195,16.74,0.03,0.97,34.39,8.02,33.46,503
7.245,50.24,0.04,0.47,0.93,8.06,0.10,503
7.262,16.62,0.02,0.60,1.35,7.88,0.12,503
7.279,16.85,0.02,0.65,0.38,7.90,0.00,503
7.295,16.72,0.04,0.97,2.11,7.83,0.30,502
7.312,16.74,0.03,0.96,0.46,7.87,0.00,502
7.329,16.73,0.03,0.96,33.61,7.95,32.80,502
7.379,50.25,0.04,0.47,0.93,8.04,0.10,502
7.396,16.67,0.02,0.51,1.33,7.96,0.11,502
7.412,16.75,0.02,0.66,0.38,8.01,0.00,502
7.429,16.75,0.03,0.95,2.07,7.95,0.29,501
7.446,16.72,0.03,0.96,0.51,8.00,0.00,501
7.463,16.72,0.04,0.91,34.55,7.92,33.49,501
7.513,50.23,0.04,0.56,1.08,8.21,0.10,500
7.530,16.70,0.02,0.65,1.29,8.18,0.10,500
7.546,16.76,0.03,0.94,0.48,8.27,0.00,504
7.563,16.74,0.03,0.95,2.11,8.33,0.24,506
7.580,16.72,0.03,0.95,0.52,8.48,0.00,506
7.596,16.69,0.03,0.93,34.49,8.53,33.43,504
7.647,50.25,0.14,0.53,1.09,8.69,0.11,523
7.663,16.71,0.02,0.62,1.40,9.33,0.11,523
7.680,16.74,0.03,0.90,0.49,9.39,0.00,520
7.697,16.74,0.03,0.91,2.20,9.38,0.30,520
7.714,16.73,0.03,0.91,0.53,9.35,0.00,520
7.730,16.72,0.03,0.88,34.23,9.48,33.27,520
7.781,50.24,0.03,0.45,0.91,9.41,0.10,520
7.797,16.69,0.03,0.61,1.32,9.62,0.12,520
7.814,16.70,0.02,0.61,0.39,9.65,0.00,519
7.831,16.78,0.03,0.87,2.08,9.68,0.31,518
7.848,16.74,0.03,0.89,0.49,9.81,0.00,517
7.864,16.73,0.03,0.83,35.01,9.94,34.08,516
7.914,50.12,0.04,0.46,0.89,9.88,0.09,513
7.931,16.79,0.02,0.56,1.32,9.75,0.14,513
7.948,16.74,0.02,0.63,0.37,9.68,0.00,513
7.965,16.76,0.03,0.88,2.08,9.50,0.31,510
7.981,16.73,0.03,0.85,0.55,9.43,0.00,510
7.998,16.73,0.03,0.81,34.75,9.45,33.79,509
8.048,50.19,0.03,0.47,0.96,9.30,0.11,508
8.065,16.74,0.03,0.60,1.35,9.23,0.13,509
8.082,16.76,0.03,0.65,0.43,9.31,0.00,509
8.099,16.73,0.04,0.91,2.16,9.40,0.31,509
8.115,16.75,0.04,0.82,0.52,9.28,0.00,509
8.132,16.74,0.03,0.78,34.58,9.32,33.53,504
8.182,50.20,0.03,0.44,0.93,9.16,0.10,503
8.199,16.71,0.02,0.62,1.32,8.74,0.14,502
8.216,16.73,0.03,0.59,0.37,8.65,0.00,503
8.232,16.73,0.03,0.85,2.07,8.62,0.32,499
8.249,16.74,0.03,0.83,0.62,8.56,0.00,499
8.266,16.75,0.03,0.84,34.39,8.55,33.48,498
8.316,50.20,0.03,0.51,1.11,8.45,0.11,497
8.333,16.72,0.02,0.61,1.30,8.28,0.12,497
8.350,16.74,0.03,0.89,0.52,8.29,0.00,494
8.366,16.72,0.03,0.84,2.09,8.36,0.30,494
8.383,16.75,0.03,0.86,0.50,8.31,0.00,494
8.400,16.72,0.03,0.85,34.99,8.37,34.04,494
8.450,50.24,0.03,0.44,0.93,8.25,0.10,490
8.467,16.71,0.02,0.56,1.39,8.03,0.12,490
8.483,16.72,0.02,0.61,0.39,8.03,0.00,491
8.500,16.77,0.03,0.86,2.12,8.10,0.30,491
8.517,16.72,0.03,0.87,0.51,7.98,0.00,493
8.534,16.75,0.03,0.89,33.55,8.15,32.61,494
8.584,50.19,0.13,0.50,0.97,8.13,0.14,525
8.601,16.72,0.03,0.53,1.05,8.62,0.11,525
8.617,16.72,0.05,0.95,0.50,8.66,0.00,527
8.634,16.74,0.05,0.95,2.15,8.75,0.30,527
8.651,16.73,0.05,0.91,0.51,8.81,0.00,527
8.667,16.73,0.05,0.92,34.32,8.74,33.38,528
8.718,50.16,0.04,0.47,0.92,8.96,0.10,529
8.734,16.78,0.04,0.71,1.30,8.80,0.12,529
8.751,16.72,0.04,0.64,0.39,8.81,0.00,530
8.768,16.75,0.05,0.97,2.11,8.75,0.30,531
8.785,16.74,0.05,0.96,0.50,8.80,0.00,531
8.801,16.74,0.05,0.97,34.80,8.89,33.83,532
8.852,50.18,0.05,0.48,0.92,8.81,0.10,536
8.868,16.76,0.04,0.74,1.36,8.90,0.13,535
8.885,16.73,0.03,0.69,0.38,8.96,0.00,535
8.902,16.73,0.05,0.99,2.18,8.93,0.31,536
8.918,16.74,0.05,0.99,0.50,9.00,0.00,536
8.935,16.73,0.05,0.95,33.81,8.94,32.78,536
8.985,50.21,0.06,0.55,1.11,9.01,0.11,537
9.002,16.71,0.04,0.72,1.33,9.00,0.12,537
9.019,16.75,0.05,0.96,0.47,9.03,0.00,537
9.036,16.74,0.05,0.94,2.12,9.08,0.32,538
9.052,16.74,0.05,0.95,0.52,9.02,0.00,539
9.069,16.74,0.05,1.04,34.43,9.01,33.49,539
9.119,50.22,0.05,0.48,0.92,9.16,0.09,543
9.136,16.71,0.04,0.69,1.28,9.51,0.11,542
9.153,16.73,0.04,0.67,0.36,9.62,0.00,541
9.170,16.74,0.05,0.95,1.97,9.59,0.26,541
9.186,16.73,0.05,0.99,0.50,9.73,0.00,541
9.203,16.74,0.05,0.95,34.80,9.62,33.84,540
9.253,50.20,0.05,0.47,0.93,9.61,0.08,541
9.270,16.73,0.04,0.68,1.31,9.43,0.11,542
9.287,16.73,0.03,0.67,0.36,9.52,0.00,542
9.303,16.75,0.05,0.95,2.13,9.48,0.31,541
9.320,16.74,0.06,0.94,0.49,9.58,0.00,541
9.337,16.73,0.05,0.95,34.50,9.70,33.45,541
9.387,50.18,0.05,0.56,1.12,9.70,0.11,540
9.404,16.73,0.04,0.69,1.29,9.76,0.12,540
9.421,16.76,0.05,0.96,0.51,9.79,0.00,540
9.437,16.74,0.04,0.87,2.18,9.80,0.33,540
9.454,16.75,0.05,0.98,0.55,9.75,0.00,540
9.471,16.67,0.05,0.96,33.39,9.72,32.43,539
9.521,50.28,0.05,0.46,0.94,9.49,0.10,530
9.538,16.70,0.03,0.64,1.30,9.15,0.12,530
9.554,16.77,0.04,0.66,0.41,9.17,0.00,531
9.571,16.69,0.06,0.93,2.20,9.06,0.31,529
9.588,16.71,0.06,0.99,0.59,9.15,0.00,528
9.605,16.78,0.05,0.92,34.49,9.25,33.43,524
9.655,50.22,0.05,0.47,1.12,9.18,0.11,522
9.672,16.71,0.04,0.56,1.33,9.00,0.12,520
9.688,16.73,0.05,0.81,0.57,8.97,0.00,520
9.705,16.73,0.04,0.81,2.19,8.94,0.32,520
9.722,16.74,0.05,0.80,0.52,8.76,0.00,521
9.738,16.73,0.05,0.78,34.59,8.83,33.65,520
9.789,50.23,0.03,0.41,0.94,8.65,0.10,518
9.805,16.69,0.02,0.51,1.34,8.28,0.12,516
9.822,16.68,0.02,0.56,0.36,8.28,0.00,516
9.839,16.83,0.03,0.81,2.15,8.18,0.30,515
9.856,16.73,0.03,0.80,35.03,8.20,34.04,514
9.906,50.23,0.05,0.40,0.92,8.20,0.09,514
9.922,16.63,0.02,0.49,1.30,8.14,0.12,514
9.939,16.83,0.02,0.54,0.37,8.13,0.00,514
9.956,16.74,0.03,0.79,2.13,8.06,0.31,511
9.973,16.76,0.05,0.76,0.50,8.04,0.00,511
9.990,16.75,0.03,0.73,33.28,7.93,32.33,510
10.024,34.09,0.02,0.32,0.86,7.93,0.06,509
10.040,16.05,0.02,0.36,17.01,14.63,0.00,508
10.057,17.49,0.02,0.48,17.43,8.05,0.33,507
10.075,18.12,0.03,0.85,14.19,7.95,0.00,505
10.090,15.19,0.03,0.70,17.51,8.02,0.36,506
10.109,18.50,0.12,0.77,13.98,7.96,0.00,506
10.124,15.00,0.03,0.66,51.37,8.04,35.00,505
10.190,66.36,0.03,0.36,0.95,8.03,0.10,509
10.207,16.70,0.02,0.42,1.36,8.18,0.12,509
10.224,16.70,0.02,0.52,0.34,8.25,0.00,508
10.241,16.87,0.05,0.67,2.19,8.19,0.30,508
10.257,16.71,0.03,0.71,0.48,8.26,0.00,508
10.274,16.73,0.03,0.73,34.41,8.21,33.45,509
10.324,50.17,0.05,0.35,0.91,8.32,0.10,513
10.341,16.63,0.02,0.53,1.32,8.51,0.12,513
10.358,16.76,0.03,0.75,0.49,8.65,0.00,513
10.374,16.73,0.03,0.43,1.20,8.67,0.16,515
10.391,16.79,0.04,0.53,0.39,8.82,0.00,516
10.408,16.72,0.02,0.28,26.07,8.90,25.09,516
10.434,26.49,0.03,0.32,0.27,8.90,0.00,516
10.441,6.94,0.01,0.25,18.64,17.66,0.41,516
10.460,19.13,0.03,0.58,14.26,9.11,0.00,519
10.475,15.00,0.03,0.66,17.41,9.17,0.38,520
10.494,18.32,0.03,0.73,14.31,9.19,0.00,520
10.509,15.18,0.03,0.78,15.84,9.20,0.13,520
10.526,16.72,0.01,0.29,15.71,9.07,0.00,520
10.542,16.09,0.01,0.33,51.35,9.14,34.24,520
10.609,66.95,0.15,0.46,1.14,9.12,0.17,549
10.625,16.74,0.04,0.55,1.35,10.05,0.14,549
10.642,16.78,0.07,0.90,0.52,10.26,0.00,548
10.659,16.77,0.06,0.88,2.13,10.29,0.31,547
10.676,16.69,0.05,0.90,0.50,10.40,0.00,546
10.692,16.74,0.05,0.92,34.89,10.31,33.93,546
10.743,50.16,0.04,0.39,0.88,10.32,0.10,548
10.759,16.74,0.04,0.46,1.32,9.80,0.11,549
10.776,16.74,0.04,0.60,0.34,9.71,0.00,551
10.793,16.75,0.05,0.84,2.06,9.75,0.27,553
10.810,16.74,0.05,0.88,0.49,9.71,0.00,553
10.826,16.73,0.05,0.88,33.48,9.62,32.54,554
10.877,50.22,0.06,0.39,0.90,9.74,0.08,555
10.893,16.66,0.03,0.43,1.01,9.82,0.07,555
10.910,16.73,0.06,0.96,0.56,9.87,0.00,555
10.927,16.86,0.06,0.89,2.12,9.81,0.25,558
10.943,16.66,0.05,0.94,0.53,9.87,0.00,560
10.960,16.81,0.05,0.85,33.60,9.69,32.81,559
11.010,50.15,0.06,0.41,0.96,9.64,0.09,558
11.027,16.63,0.04,0.61,1.32,9.12,0.12,558
11.044,16.83,0.05,0.64,0.36,9.06,0.00,558
11.061,16.73,0.05,0.87,2.13,8.96,0.31,558
11.077,16.74,0.06,0.83,0.47,8.97,0.00,560
11.094,16.71,0.05,0.87,33.98,9.01,32.94,560
11.144,50.21,0.07,0.51,1.08,9.09,0.11,551
11.161,16.77,0.03,0.57,1.38,8.93,0.12,550
11.178,16.68,0.05,0.85,0.49,8.91,0.00,550
11.194,16.74,0.04,0.84,2.14,8.81,0.30,551
11.211,16.72,0.05,0.85,0.49,8.82,0.00,552
11.228,16.74,0.05,0.85,34.26,8.69,33.32,553
11.278,50.22,0.07,0.43,0.92,8.82,0.10,551
11.295,16.70,0.04,0.65,1.37,8.58,0.13,551
11.312,16.73,0.03,0.60,0.37,8.60,0.00,544
11.328,16.75,0.04,0.87,2.12,8.49,0.30,543
11.345,16.75,0.04,0.86,0.47,8.54,0.00,543
11.362,16.72,0.05,0.91,34.99,8.49,34.00,545
11.412,50.27,0.04,0.41,0.91,8.68,0.10,541
11.429,16.65,0.02,0.56,1.36,8.54,0.13,540
11.445,16.75,0.03,0.80,0.47,8.56,0.00,538
11.462,16.74,0.03,0.81,2.10,8.48,0.30,536
11.479,16.75,0.03,0.78,0.46,8.49,0.00,536
11.496,16.70,0.04,0.87,35.35,8.40,34.27,538
11.546,50.24,0.05,0.40,0.89,8.47,0.10,541
11.563,16.75,0.02,0.50,1.42,8.40,0.13,540
11.579,16.69,0.02,0.58,0.37,8.43,0.00,539
11.596,16.75,0.03,0.80,2.15,8.39,0.30,539
11.613,16.74,0.21,0.71,0.49,8.50,0.00,472
11.630,16.74,0.02,0.71,35.01,7.55,34.04,471
11.680,50.21,0.08,0.45,0.90,7.62,0.07,497
11.696,16.71,0.03,0.61,1.27,8.20,0.02,498
11.713,16.69,0.04,0.82,0.37,8.22,0.00,533
11.730,16.79,0.04,1.19,1.96,8.82,0.12,533
11.747,16.75,0.04,1.16,0.49,8.79,0.00,530
11.763,16.74,0.08,1.38,33.32,8.69,32.48,565
11.814,50.21,0.08,0.61,0.91,9.35,0.04,568
11.830,16.71,0.05,0.94,1.32,9.12,0.03,568
11.847,16.67,0.07,1.31,0.47,9.11,0.00,658
11.864,16.82,0.05,0.94,1.22,10.50,0.21,660
11.881,16.76,0.26,2.28,0.39,10.47,0.00,749
11.897,16.70,0.10,2.27,32.21,11.94,31.33,749
11.940,42.22,0.08,1.04,1.00,11.94,0.15,829
11.949,8.99,0.05,0.91,14.69,15.42,0.00,829
11.964,15.78,0.05,0.62,15.95,14.06,0.01,831
11.981,16.67,0.04,0.45,15.93,13.79,0.00,831
11.998,16.65,0.02,0.48,16.67,13.82,0.02,830
12.015,17.22,0.03,0.59,15.28,13.79,0.00,829
12.031,16.32,0.02,0.59,31.44,13.66,14.97,830
12.065,33.43,0.05,0.70,0.49,13.66,0.07,886
12.082,17.40,0.04,1.02,15.43,25.65,0.00,974
12.099,16.81,0.05,1.33,15.31,8.78,0.13,974
12.116,16.74,0.05,1.43,14.61,11.62,0.00,1057
12.132,16.14,0.08,1.59,16.54,16.23,0.42,1130
12.150,18.35,0.20,1.90,13.24,16.23,0.00,1130
12.165,15.42,0.09,2.28,43.15,15.04,28.63,1129
12.215,49.81,0.11,1.54,0.83,15.04,0.02,1130
12.232,16.64,0.08,1.80,0.84,14.30,0.02,1129
12.249,16.80,0.07,1.50,0.27,21.53,0.00,1129
12.265,16.75,0.11,3.13,1.27,8.40,0.02,1130
12.282,16.74,0.11,3.01,0.42,9.82,0.00,1131
12.299,16.68,0.17,4.89,27.71,10.82,26.79,1129
12.332,33.53,0.09,1.81,0.76,10.82,0.03,1127
12.349,16.82,0.12,1.56,14.91,30.10,0.00,1128
12.366,16.66,0.08,2.34,15.43,30.10,0.04,1128
12.384,17.95,0.13,2.63,13.07,19.54,0.00,1193
12.400,15.93,0.11,3.25,14.95,10.92,0.46,1191
12.418,18.52,0.19,3.15,11.56,7.90,0.00,1190
12.433,15.01,0.16,4.95,47.64,10.12,35.75,1188
12.500,66.41,0.17,2.62,1.20,10.12,0.22,1258
12.516,16.76,0.10,2.58,1.01,19.00,0.02,1253
12.533,16.70,0.10,2.56,0.31,21.95,0.00,1251
12.550,16.81,0.13,3.41,1.27,10.46,0.02,1251
12.567,16.74,0.14,4.37,0.44,11.29,0.00,1320
12.583,16.74,0.28,4.40,28.94,12.19,28.10,1318
12.617,33.69,0.12,2.15,0.72,12.19,0.02,1313
12.634,16.58,0.13,1.87,14.68,27.55,0.00,1311
12.650,16.78,0.10,2.56,14.63,14.48,0.03,1309
12.668,17.40,0.12,3.03,12.81,13.82,0.00,1308
12.684,16.07,0.24,3.60,14.29,13.75,0.03,1307
12.702,18.29,0.20,3.95,11.31,13.12,0.00,1373
12.718,15.63,0.19,5.63,45.58,15.77,33.91,1370
12.784,66.41,0.15,2.39,1.04,15.77,0.19,1404
12.801,16.72,0.11,2.95,0.96,22.10,0.02,1401
12.818,16.74,0.13,3.62,0.35,10.59,0.00,1400
12.834,16.74,0.13,3.88,1.27,9.64,0.03,1394
12.851,16.69,0.12,3.94,0.40,12.12,0.00,1394
12.868,16.73,0.18,4.76,26.75,12.07,25.92,1395
12.901,33.52,0.09,2.30,0.72,12.07,0.01,1391
12.918,16.67,0.11,1.95,14.89,26.65,0.00,1390
12.935,17.10,0.10,2.64,14.48,15.06,0.03,1389
12.953,17.36,0.14,3.19,12.92,15.06,0.00,1388
12.969,16.36,0.18,3.78,13.34,14.21,0.03,1387
12.986,17.42,0.20,3.64,12.09,14.51,0.00,1385
13.002,16.06,0.13,3.88,44.56,14.07,31.30,1382
13.052,49.58,0.13,2.40,0.89,14.07,0.15,1442
13.069,16.81,0.15,2.45,14.70,21.58,0.02,1440
13.086,17.39,0.10,2.97,13.64,15.90,0.00,1439
13.103,16.81,0.12,4.05,13.05,8.40,0.02,1439
13.120,17.37,0.21,4.26,11.30,9.71,0.00,1506
13.136,15.88,0.13,4.34,44.29,11.70,31.74,1505
13.186,49.64,0.09,2.63,0.73,11.70,0.02,1504
13.203,16.79,0.16,2.70,14.57,17.75,0.03,1504
13.220,17.53,0.12,3.44,12.91,33.99,0.00,1573
13.237,16.56,0.14,3.95,13.27,11.20,0.27,1574
13.254,17.50,0.16,3.66,11.63,10.88,0.00,1574
13.270,15.63,0.13,4.49,40.18,12.98,27.71,1576
13.320,49.94,0.10,2.93,0.82,12.98,0.10,1634
13.337,16.71,0.12,2.53,0.80,14.94,0.02,1634
13.353,16.75,0.11,2.93,0.31,21.00,0.00,1631
13.368,14.70,0.13,3.22,1.06,11.32,0.17,1709
13.387,18.80,0.12,3.45,0.35,11.64,0.00,1708
13.404,16.73,0.11,3.87,22.99,11.58,22.16,1707
13.431,27.08,0.16,3.14,0.80,11.58,0.11,1767
13.437,6.38,0.09,3.08,30.24,20.09,0.00,1766
13.472,34.69,0.14,3.16,12.82,15.75,0.02,1766
13.488,16.30,0.13,3.65,12.51,9.42,0.00,1766
13.504,16.38,0.11,4.07,13.08,11.97,0.02,1765
13.522,17.37,0.12,4.07,11.62,12.73,0.00,1766
13.538,15.93,0.14,4.66,38.80,14.02,26.62,1766
13.588,49.94,0.15,2.97,0.85,14.02,0.12,1837
13.604,16.65,0.13,3.33,14.32,25.59,0.04,1837
13.622,17.87,0.15,3.99,11.87,25.59,0.00,1836
13.638,16.09,0.18,4.51,12.55,14.06,0.19,1888
13.656,17.38,0.20,4.72,10.81,14.46,0.00,1888
13.671,15.88,0.15,4.51,37.20,14.80,24.79,1889
13.722,50.08,0.19,3.30,0.83,14.80,0.09,1959
13.738,16.66,0.19,3.71,0.90,15.11,0.02,1959
13.755,16.74,0.18,4.33,0.32,14.08,0.00,1958
13.772,16.69,0.17,4.53,0.86,9.97,0.02,1958
13.788,16.78,0.17,4.33,0.33,11.24,0.00,1958
13.805,16.74,0.20,4.71,21.60,12.32,20.76,1955
13.832,26.60,0.19,3.46,0.71,12.32,0.01,1944
13.839,6.88,0.11,3.25,13.32,17.15,0.00,1943
13.855,16.73,0.13,3.22,30.10,30.35,0.00,1945
13.889,33.57,0.17,3.75,13.62,11.46,0.03,1947
13.907,17.63,0.17,4.04,12.10,13.75,0.02,1947
13.923,16.38,0.17,4.24,11.75,13.84,0.00,2017
13.939,16.29,0.28,4.69,38.39,14.27,26.26,2017
13.989,50.05,0.14,3.47,0.84,14.27,0.12,2079
14.006,16.71,0.18,3.64,0.81,17.01,0.03,2078
14.023,16.66,0.14,3.67,0.31,23.57,0.00,2149
14.039,16.77,0.12,2.95,0.86,21.05,0.15,2149
14.056,16.81,0.18,4.64,0.44,10.03,0.00,2146
14.075,19.24,0.19,4.08,22.51,10.72,21.62,2142
14.106,30.94,0.14,2.94,0.76,10.72,0.01,2140
14.123,16.83,0.20,2.58,0.36,11.64,0.00,2139
14.140,16.67,0.17,3.09,0.91,10.80,0.02,2139
14.157,16.69,0.16,3.60,0.37,10.85,0.00,2138
14.174,17.04,0.21,3.68,0.90,11.41,0.03,2138
14.187,12.99,0.17,3.30,0.36,11.41,0.00,2140
14.207,20.31,0.25,4.05,22.51,13.00,21.63,2209
14.234,26.90,0.22,3.21,0.82,13.00,0.11,2275
14.240,6.51,0.12,2.91,30.37,17.10,0.00,2273
14.274,33.51,0.25,3.36,14.00,38.50,0.15,2332
14.292,17.70,0.19,3.46,13.12,12.18,0.04,2332
14.308,16.87,0.18,3.71,12.04,11.40,0.00,2330
14.324,16.03,0.18,4.26,37.17,11.70,24.57,2330
14.374,49.82,0.18,2.80,0.81,11.70,0.02,2329
14.391,16.66,0.16,3.28,1.02,16.56,0.02,2329
14.408,16.82,0.16,3.31,0.31,16.56,0.00,2329
14.424,16.62,0.16,4.25,0.95,12.92,0.02,2329
14.441,16.71,0.18,4.38,0.34,13.18,0.00,2401
14.458,16.74,0.16,4.43,23.04,14.01,22.22,2400
14.486,27.72,0.26,3.13,0.21,14.01,0.00,2392
14.491,5.81,0.12,3.06,30.83,18.52,0.03,2391
14.525,34.11,0.17,2.94,14.33,39.50,0.02,2391
14.543,17.54,0.18,3.80,11.47,13.29,0.00,2392
14.559,15.54,0.19,3.84,13.53,9.45,0.02,2392
14.576,17.67,0.25,4.09,11.65,10.68,0.00,2457
14.592,16.11,0.24,4.37,38.63,11.74,26.23,2457
14.642,49.73,0.18,3.02,0.74,11.74,0.02,2455
14.659,16.58,0.18,3.25,13.91,20.69,0.02,2455
14.676,17.43,0.15,3.16,13.46,32.90,0.00,2455
14.693,16.84,0.23,3.92,12.88,11.69,0.02,2456
14.710,17.15,0.22,3.80,11.90,10.24,0.00,2455
14.726,16.02,0.17,3.98,38.67,11.64,25.64,2454
14.770,44.12,0.15,3.02,0.82,11.64,0.09,2528
14.793,22.37,0.13,3.02,0.72,14.01,0.01,2528
14.809,16.81,0.22,3.04,0.37,14.04,0.00,2528
14.826,16.70,0.16,3.22,0.89,13.09,0.02,2527
14.843,16.70,0.26,3.27,0.37,12.66,0.00,2527
14.860,16.90,0.23,3.97,22.03,12.70,21.15,2526
14.887,26.94,0.16,3.06,0.20,12.70,0.00,2525
14.893,6.43,0.14,3.02,13.93,17.56,0.03,2524
14.910,17.13,0.15,3.04,29.95,32.13,0.00,2525
14.943,33.27,0.23,3.92,13.86,10.44,0.03,2524
14.962,18.13,0.25,4.25,11.70,12.91,0.02,2524
14.978,16.31,0.24,4.14,11.41,13.55,0.00,2524
14.994,15.92,0.28,4.38,39.37,14.10,27.12,2525
15.044,49.92,0.20,2.52,0.84,14.10,0.05,2524
15.060,16.59,0.14,2.86,14.73,24.41,0.04,2524
15.078,17.83,0.17,3.50,12.09,13.80,0.00,2523
15.094,15.83,0.25,3.38,14.08,15.34,0.02,2522
15.112,17.84,0.23,3.98,11.70,15.34,0.00,2521
15.128,16.01,0.24,4.19,42.11,15.81,29.38,2521
15.178,49.71,0.17,2.32,0.78,15.81,0.02,2520
15.194,16.69,0.23,2.47,15.51,26.02,0.04,2520
15.212,18.31,0.19,3.00,12.41,26.02,0.00,2520
15.228,15.67,0.17,3.11,14.20,15.29,0.03,2519
15.246,17.66,0.28,3.69,11.76,11.14,0.00,2519
15.262,15.84,0.22,4.06,41.20,12.77,28.52,2518
15.311,49.77,0.24,2.01,0.89,12.77,0.05,2516
15.328,16.66,0.21,2.27,15.00,26.62,0.03,2515
15.346,17.58,0.18,2.76,13.48,8.16,0.00,2515
15.362,16.53,0.23,3.64,13.42,10.17,0.02,2514
15.380,17.46,0.24,3.63,12.02,11.50,0.00,2514
15.396,16.05,0.47,5.09,46.39,13.94,35.06,2512
15.462,66.39,0.27,2.70,1.13,13.94,0.05,2515
15.479,16.62,0.19,2.58,1.03,21.94,0.02,2515
15.495,16.74,0.25,3.34,0.49,9.42,0.00,2514
15.512,16.74,0.23,3.30,1.37,11.86,0.02,2515
15.529,16.87,0.22,3.47,0.46,12.28,0.00,2514
15.546,16.74,0.33,4.36,26.92,12.52,26.07,2514
15.579,33.34,0.15,1.98,0.79,12.52,0.03,2511
15.596,16.75,0.24,2.10,14.45,27.22,0.00,2512
15.613,16.90,0.18,2.31,15.15,14.15,0.03,2510
15.631,17.74,0.22,3.07,29.57,13.63,0.00,2510
15.664,33.02,0.33,4.49,13.06,13.63,0.04,2510
15.682,18.06,0.41,4.06,61.63,18.21,33.77,2511
15.763,81.71,0.24,2.04,0.99,18.21,0.06,2511
15.780,16.64,0.18,2.50,15.35,15.12,0.03,2512
15.798,18.14,0.23,2.72,12.95,15.12,0.00,2511
15.814,16.04,0.31,3.30,14.19,15.10,0.04,2510
15.832,17.98,0.52,3.75,11.11,14.22,0.00,2509
15.848,15.55,0.34,4.23,45.33,14.38,33.28,2509
15.898,49.96,0.22,1.34,0.71,14.38,0.02,2505
15.914,16.29,0.23,1.49,15.95,26.91,0.03,2504
15.932,17.77,0.27,1.94,13.59,13.55,0.00,2502
15.948,15.91,0.31,2.42,16.23,14.11,0.03,2499
15.967,19.09,0.34,2.06,12.49,13.63,0.00,2475
15.982,15.05,0.34,3.11,46.57,14.24,33.30,2475
16.032,50.08,0.19,1.04,0.73,14.24,0.02,2477
16.048,16.01,0.22,1.17,16.62,31.46,0.02,2479
16.066,18.17,0.22,1.47,14.11,9.65,0.00,2479
16.082,15.91,0.21,1.89,15.83,10.32,0.03,2476
16.100,18.15,0.42,2.75,12.06,11.42,0.00,2477
16.115,15.35,0.39,2.78,47.30,14.59,33.51,2476
16.182,66.36,0.27,1.36,1.25,17.73,0.06,2471
16.198,16.73,0.20,1.25,1.11,15.16,0.02,2470
16.215,16.80,0.31,1.61,0.45,14.51,0.00,2470
16.232,16.61,0.45,2.53,2.01,14.63,0.04,2469
16.249,16.81,0.49,2.30,0.72,14.63,0.00,2469
16.265,16.74,0.48,2.24,33.89,12.47,32.67,2469
16.316,50.21,0.20,1.00,0.93,13.37,0.04,2465
16.332,16.69,0.26,1.49,1.43,13.89,0.02,2463
16.349,16.79,0.28,1.60,0.57,13.48,0.00,2460
16.366,16.71,0.43,2.34,1.95,14.36,0.04,2456
16.383,16.75,0.38,2.10,0.52,14.36,0.00,2452
16.399,16.72,0.38,2.41,32.02,13.92,31.15,2444
16.449,50.18,0.23,0.73,0.96,13.11,0.06,2362
16.466,16.75,0.20,1.21,1.33,15.21,0.02,2356
16.483,16.75,0.26,1.12,0.52,15.21,0.00,2352
16.500,16.74,0.44,1.77,2.07,15.16,0.04,2348
16.516,16.69,0.44,1.68,0.79,11.55,0.00,2339
16.533,16.77,0.39,1.70,33.56,12.50,32.40,2328
16.583,50.25,0.24,0.54,0.97,14.86,0.05,2246
16.600,16.70,0.19,0.72,1.06,14.48,0.02,2244
16.617,16.69,0.36,0.84,0.50,14.38,0.00,2241
16.634,16.77,0.42,1.16,2.05,14.34,0.03,2239
16.650,16.76,0.44,1.17,0.74,14.32,0.00,2239
16.667,16.73,0.33,1.17,34.48,14.19,33.39,2235
16.717,50.26,0.27,0.60,0.90,14.14,0.05,2226
16.734,16.63,0.20,0.61,1.39,13.85,0.03,2222
16.751,16.73,0.24,0.67,0.41,13.80,0.00,2221
16.767,16.80,0.43,0.92,2.00,13.70,0.03,2215
16.784,16.73,0.38,1.04,0.65,13.65,0.00,2208
16.801,16.74,0.38,0.94,34.68,13.54,33.61,2206
16.851,50.23,0.28,0.48,0.90,13.49,0.05,2196
16.868,16.68,0.18,0.67,1.31,13.23,0.02,2191
16.885,16.75,0.30,0.64,0.41,13.19,0.00,2190
16.901,16.76,0.45,0.93,2.04,13.08,0.03,2189
16.918,16.72,0.42,0.93,0.62,13.03,0.00,2185
16.935,16.68,0.38,0.96,35.07,12.93,34.05,2180
16.985,50.29,0.24,0.56,1.09,12.90,0.04,2168
17.002,16.68,0.34,0.66,1.43,12.63,0.02,2166
17.022,19.79,0.26,0.64,0.53,12.54,0.00,2162
17.035,13.64,0.39,0.98,2.03,12.45,0.03,2161
17.052,16.77,0.42,0.96,0.60,12.41,0.00,2159
17.069,16.79,0.38,0.96,35.47,12.33,34.44,2154
17.106,37.02,0.23,0.41,0.84,12.33,0.07,2143
17.115,9.65,0.15,0.34,20.07,22.78,0.00,2138
17.136,20.65,0.19,0.49,16.87,12.14,0.03,2133
17.154,17.99,0.37,0.98,14.21,11.95,0.00,2131
17.170,15.73,0.40,0.95,16.38,12.02,0.03,2130
17.188,17.89,0.49,0.98,13.87,11.82,0.00,2126
17.203,15.49,0.40,1.00,49.36,11.84,33.84,2121
17.270,66.33,0.23,0.54,1.11,11.71,0.04,2105
17.286,16.77,0.23,0.70,1.31,11.41,0.02,2100
17.303,16.71,0.26,0.81,0.61,11.39,0.00,2095
17.320,16.75,0.40,0.95,1.93,11.32,0.03,2091
17.336,16.74,0.39,0.95,0.65,11.28,0.00,2085
17.353,16.73,0.33,0.91,33.41,11.20,32.43,2080
17.403,50.19,0.21,0.46,0.92,11.18,0.04,2058
17.420,16.70,0.16,0.52,1.18,10.95,0.06,2053
17.437,16.77,0.23,0.62,0.40,10.92,0.00,2048
17.454,16.76,0.39,0.96,1.91,10.85,0.03,2044
17.470,16.73,0.36,0.92,0.54,10.84,0.00,2044
17.487,16.77,0.39,0.93,34.43,10.76,33.43,2039
17.537,50.14,0.21,0.47,0.90,10.75,0.04,2026
17.554,16.74,0.18,0.63,1.43,10.52,0.03,2023
17.571,16.74,0.30,0.66,0.42,10.50,0.00,2014
17.587,16.75,0.33,0.92,1.84,10.45,0.03,2007
17.604,16.74,0.30,0.90,0.57,10.42,0.00,1999
17.621,16.73,0.34,0.91,34.20,10.35,33.22,1992
17.671,50.18,0.21,0.45,0.93,10.33,0.04,1970
17.688,16.75,0.17,0.61,1.36,10.20,0.03,1962
17.705,16.74,0.24,0.65,0.41,10.12,0.00,1956
17.721,16.76,0.38,0.92,1.98,10.06,0.03,1954
17.738,16.80,0.38,0.92,0.64,10.04,0.00,1945
17.755,16.65,0.44,0.95,32.99,9.96,32.15,1942
17.790,35.61,0.17,0.38,0.74,9.96,0.02,1933
17.805,14.57,0.22,0.43,16.52,16.04,0.00,1922
17.822,17.29,0.18,0.51,17.25,9.91,0.03,1920
17.840,18.10,0.49,0.63,16.04,9.73,0.06,1910
17.858,17.32,0.38,0.91,13.51,9.68,0.00,1907
17.873,15.16,0.40,1.00,15.13,9.71,0.00,1896
17.891,18.58,0.34,0.90,48.21,9.57,34.59,1892
17.941,49.71,0.20,0.44,0.84,9.57,0.09,1878
17.956,14.46,0.18,0.41,16.57,17.47,0.00,1876
17.973,17.27,0.63,0.66,15.46,9.53,0.00,1866
17.990,16.88,0.29,0.94,16.59,9.47,0.04,1859
18.008,18.06,0.46,0.93,48.72,9.30,34.52,1850
18.073,64.98,0.23,0.43,0.92,9.32,0.04,1826
18.090,16.70,0.21,0.62,1.35,9.12,0.03,1818
18.106,16.67,0.21,0.70,0.42,9.10,0.00,1812
18.123,16.81,0.36,0.88,1.90,9.06,0.03,1810
18.140,16.73,0.40,0.89,0.52,9.06,0.00,1801
18.157,16.81,0.35,0.85,33.13,8.99,32.31,1794
18.207,50.11,0.20,0.43,0.91,9.00,0.03,1766
18.223,16.72,0.19,0.61,1.27,8.87,0.02,1756
18.240,16.74,0.20,0.61,0.39,8.83,0.00,1750
18.257,16.83,0.33,0.86,1.97,8.81,0.04,1742
18.274,16.68,0.37,0.87,0.57,8.77,0.00,1739
18.290,16.73,0.37,0.90,34.81,8.70,33.80,1726
18.341,50.21,0.22,0.47,0.93,8.77,0.04,1712
18.357,16.72,0.22,0.66,1.28,8.61,0.02,1705
18.374,16.74,0.34,0.87,0.57,8.60,0.00,1694
18.391,16.73,0.37,0.86,1.97,8.53,0.04,1685
18.407,16.73,0.36,0.85,0.56,8.56,0.00,1679
18.424,16.81,0.34,0.84,33.24,8.48,32.39,1669
18.460,35.58,0.16,0.34,0.74,8.48,0.03,1656
18.474,14.61,0.19,0.41,17.04,14.64,0.00,1650
18.492,17.75,0.18,0.46,17.34,8.51,0.04,1642
18.510,18.14,0.25,0.65,14.34,8.39,0.00,1633
18.526,15.66,0.29,0.91,16.33,8.44,0.03,1626
18.544,18.33,0.28,0.90,13.60,8.30,0.00,1620
18.559,14.97,0.31,0.95,48.88,8.38,33.28,1613
18.610,50.93,0.17,0.35,0.78,8.38,0.04,1588
18.625,14.74,0.17,0.36,17.96,14.63,0.04,1576
18.644,18.61,0.22,0.66,14.86,8.19,0.00,1569
18.659,15.82,0.19,0.55,17.26,8.25,0.03,1561
18.678,18.16,0.36,0.92,14.03,8.15,0.00,1553
18.693,15.43,0.30,0.86,50.16,8.19,34.20,1545
18.759,65.90,0.20,0.48,1.05,8.12,0.04,1521
18.776,16.73,0.20,0.63,1.26,7.97,0.02,1516
18.792,16.74,0.35,0.83,0.59,7.98,0.00,1508
18.809,16.74,0.34,0.80,1.94,7.92,0.03,1504
18.826,16.73,0.33,0.81,0.54,7.95,0.00,1498
18.843,16.73,0.34,0.80,35.38,7.86,34.28,1488
18.893,50.22,0.20,0.47,1.04,7.93,0.04,1463
18.910,16.71,0.15,0.64,1.25,7.77,0.03,1456
18.926,16.75,0.29,0.81,0.55,7.78,0.00,1448
18.943,16.74,0.26,0.80,1.94,7.72,0.03,1436
18.960,16.73,0.21,0.88,0.58,7.75,0.00,1431
18.977,16.75,0.21,0.80,35.07,7.67,34.11,1425
19.027,50.24,0.16,0.39,0.89,7.73,0.04,1412
19.043,16.68,0.12,0.62,1.26,7.65,0.03,1404
19.060,16.74,0.16,0.53,0.40,7.64,0.00,1398
19.077,16.76,0.29,0.80,1.91,7.56,0.04,1394
19.094,16.73,0.25,0.79,0.54,7.60,0.00,1391
19.110,16.73,0.27,0.80,35.67,7.54,34.68,1387
19.149,38.29,0.11,0.24,0.78,7.54,0.04,1371
19.161,11.92,0.13,0.34,17.10,12.66,0.00,1362
19.178,17.68,0.14,0.53,17.43,7.62,0.04,1357
19.197,18.27,0.19,0.57,14.47,7.46,0.00,1348
19.212,15.57,0.22,0.93,16.59,7.55,0.03,1343
19.231,18.64,0.22,0.77,13.53,7.42,0.00,1342
19.245,14.72,0.36,0.91,50.23,7.52,34.62,1335
19.298,52.40,0.11,0.24,0.75,7.52,0.04,1314
19.311,13.29,0.13,0.35,18.00,13.09,0.04,1311
19.330,18.61,0.15,0.57,14.96,7.40,0.00,1307
19.346,15.75,0.13,0.53,17.40,7.46,0.03,1300
19.364,18.29,0.24,0.74,14.30,7.33,0.00,1294
19.379,15.40,0.19,0.78,50.39,7.43,34.32,1285
19.445,65.86,0.15,0.43,1.05,7.38,0.04,1251
19.462,16.72,0.13,0.59,1.27,7.27,0.03,1246
19.479,16.72,0.14,0.73,0.57,7.30,0.00,1240
19.495,16.76,0.20,0.76,1.84,7.25,0.03,1229
19.512,16.68,0.19,0.74,0.57,7.27,0.00,1220
19.529,16.79,0.24,0.71,34.35,7.32,33.33,1212
19.579,50.19,0.16,0.36,0.96,7.25,0.06,1199
19.596,16.71,0.11,0.53,1.26,7.15,0.02,1190
19.612,16.75,0.14,0.50,0.43,7.19,0.00,1182
19.629,16.76,0.19,0.73,1.87,7.13,0.03,1173
19.646,16.75,0.27,0.68,0.57,7.17,0.00,1168
19.663,16.72,0.28,0.68,34.74,7.11,33.77,1160
19.713,50.21,0.14,0.33,0.86,7.17,0.04,1134
19.729,16.63,0.10,0.48,1.23,7.07,0.03,1128
19.746,16.81,0.12,0.52,0.41,7.10,0.00,1122
19.763,16.75,0.18,0.70,1.82,7.04,0.03,1114
19.780,16.74,0.25,0.65,0.51,7.06,0.00,1107
19.797,16.73,0.17,0.72,33.57,7.10,32.75,1096
19.847,50.18,0.15,0.35,0.90,7.05,0.03,1081
19.863,16.74,0.10,0.50,1.23,6.96,0.03,1076
19.880,16.75,0.14,0.68,0.59,6.99,0.00,1068
19.897,16.74,0.24,0.65,1.86,6.93,0.03,1061
19.914,16.75,0.30,0.65,0.55,6.97,0.00,1055
19.930,16.72,0.26,0.65,35.08,6.98,34.13,1047
19.981,50.19,0.14,0.36,0.93,7.00,0.04,1017
19.997,16.72,0.10,0.47,1.24,6.88,0.04,1000
20.014,16.73,0.14,0.50,0.38,6.91,0.00,993
20.031,16.77,0.17,0.67,1.77,6.97,0.03,983
20.047,16.68,0.18,0.73,0.57,6.90,0.00,976
20.064,16.78,0.18,0.65,35.05,6.93,34.09,965
20.115,50.24,0.13,0.36,0.87,6.92,0.04,948
20.131,16.68,0.11,0.48,1.26,6.84,0.03,937
20.148,16.74,0.13,0.49,0.39,6.86,0.00,926
20.165,16.75,0.26,0.61,1.87,6.82,0.03,919
20.181,16.74,0.18,0.65,0.53,6.85,0.00,912
20.198,16.74,0.19,0.69,34.33,6.89,33.35,905
20.248,50.20,0.14,0.41,1.05,6.88,0.04,888
20.265,16.69,0.09,0.46,1.22,6.78,0.03,881
20.282,16.75,0.14,0.49,0.39,6.77,0.00,872
20.299,16.75,0.18,0.65,1.78,6.76,0.03,868
20.315,16.73,0.19,0.68,0.52,6.80,0.00,861
20.332,16.73,0.19,0.59,34.61,6.86,33.63,853
20.382,50.22,0.11,0.33,0.88,6.84,0.04,827
20.399,16.69,0.07,0.43,1.20,6.77,0.03,818
20.416,16.74,0.09,0.47,0.39,6.77,0.00,810
20.432,16.77,0.12,0.66,1.80,6.79,0.03,799
20.449,16.72,0.14,0.65,0.55,6.72,0.00,792
20.465,15.70,0.13,0.57,35.06,6.80,33.31,785
20.516,51.25,0.12,0.40,1.06,6.77,0.05,761
20.533,16.73,0.10,0.48,1.30,6.75,0.03,754
20.550,16.75,0.27,0.62,0.73,6.70,0.00,745
20.567,17.02,0.13,0.56,1.91,6.74,0.03,738
20.583,16.41,0.12,0.64,0.58,6.70,0.00,729
20.597,13.98,0.12,0.56,37.61,6.73,34.12,726
20.650,52.96,0.10,0.32,0.85,6.73,0.04,702
20.667,16.73,0.07,0.38,1.25,6.63,0.03,691
20.683,16.75,0.09,0.57,0.57,6.66,0.00,683
20.700,16.76,0.14,0.61,1.77,6.70,0.03,672
20.717,16.72,0.13,0.59,0.53,6.61,0.00,662
20.734,16.73,0.12,0.57,34.57,6.68,33.61,649
20.784,50.17,0.10,0.29,0.89,6.64,0.04,636
20.801,16.75,0.06,0.37,1.22,6.68,0.03,626
20.817,16.76,0.11,0.58,0.52,6.59,0.00,620
20.834,16.74,0.11,0.58,1.73,6.65,0.03,610
20.851,16.73,0.10,0.55,0.52,6.59,0.00,599
20.868,16.75,0.11,0.54,34.73,6.64,33.74,587
20.918,50.22,0.09,0.28,0.91,6.62,0.04,559
20.934,16.69,0.06,0.39,1.24,6.53,0.03,553
20.951,16.71,0.12,0.56,0.64,6.53,0.00,544
20.968,16.78,0.13,0.52,1.92,6.62,0.04,535
20.985,16.73,0.13,0.56,0.55,6.54,0.00,528
21.001,16.73,0.12,0.57,33.90,6.63,32.97,522
21.052,50.18,0.09,0.32,1.04,6.63,0.04,500
21.068,16.74,0.08,0.40,1.22,6.64,0.03,491
21.085,16.75,0.09,0.52,0.52,6.59,0.00,486
21.102,16.73,0.09,0.56,1.76,6.63,0.03,477
21.119,16.75,0.09,0.55,0.50,6.55,0.00,464
21.135,16.72,0.09,0.53,34.06,6.63,33.26,453
21.171,35.77,0.05,0.18,0.77,6.63,0.03,437
21.185,14.35,0.05,0.22,17.36,11.05,0.00,432
21.203,17.72,0.04,0.27,17.82,6.67,0.04,423
21.221,18.26,0.06,0.39,14.84,6.55,0.00,417
21.237,15.39,0.09,0.61,17.25,6.63,0.04,411
21.255,18.32,0.15,0.52,14.53,6.55,0.00,402
21.272,16.71,0.08,0.46,50.80,6.64,35.77,397
21.323,51.60,0.05,0.24,0.73,6.64,0.05,376
21.336,12.68,0.04,0.19,18.29,12.16,0.04,376
21.355,18.63,0.06,0.42,15.10,6.55,0.00,367
21.370,15.66,0.04,0.33,17.76,6.62,0.03,356
21.389,18.27,0.26,0.52,14.48,6.52,0.00,349
21.404,15.37,0.06,0.45,51.84,6.62,35.15,348
21.470,66.02,0.05,0.25,0.89,6.60,0.04,318
21.487,16.69,0.02,0.29,1.20,6.58,0.03,314
21.503,16.74,0.03,0.41,0.55,6.52,0.00,310
21.520,16.75,0.04,0.42,1.78,6.59,0.03,304
21.537,16.66,0.04,0.48,0.48,6.52,0.00,298
21.554,16.82,0.06,0.44,35.23,6.59,34.28,293
21.604,50.20,0.04,0.23,0.84,6.56,0.05,279
21.621,16.68,0.03,0.22,1.31,6.57,0.03,270
21.637,16.77,0.03,0.47,0.52,6.47,0.00,262
21.654,16.73,0.02,0.48,1.72,6.57,0.03,255
21.671,16.74,0.02,0.47,0.45,6.48,0.00,247
21.688,16.73,0.03,0.48,35.40,6.57,34.47,243
21.738,50.19,0.02,0.25,0.84,6.56,0.04,227
21.754,16.73,0.01,0.31,1.23,6.56,0.03,221
21.771,16.76,0.01,0.46,0.46,6.49,0.00,219
21.788,16.74,0.01,0.47,1.77,6.58,0.03,215
21.805,16.74,0.01,0.55,0.50,6.48,0.00,241
