device,model,ops_ne,ops_cpu,ops_gpu,ops_unplaced,cost_ne,cost_cpu,cost_gpu,off_ne_op_types
"iPhone13,2",ink_unroll_128x256_j26_fp16_u1,114,22,0,0,0.545,0.455,0.000,ios17.cast:8 ios17.mul:4 ios17.sub:4 ios17.resample:2 ios17.slice_by_index:2 ios17.transpose:1 ios17.concat:1
"iPhone13,2",ink_unroll_128x256_j26_fp16_u2,241,26,0,0,0.664,0.336,0.000,ios17.cast:8 ios17.slice_by_index:4 ios17.sub:4 ios17.resample:4 ios17.mul:4 ios17.transpose:1 ios17.concat:1
"iPhone13,2",ink_unroll_128x256_j26_fp16_u4,495,30,0,0,0.754,0.246,0.000,ios17.cast:8 ios17.resample:8 ios17.slice_by_index:4 ios17.sub:4 ios17.mul:4 ios17.transpose:1 ios17.concat:1
"iPhone13,2",ink_unroll_128x256_j26_fp16_u8,1003,38,0,0,0.811,0.189,0.000,ios17.resample:16 ios17.cast:8 ios17.slice_by_index:4 ios17.sub:4 ios17.mul:4 ios17.transpose:1 ios17.concat:1
"iPhone13,2",heat_128x256_s32_fp16_u1,97,3,0,0,0.944,0.056,0.000,ios17.cast:3
"iPhone13,2",heat_128x256_s32_fp16_u2,196,3,0,0,0.962,0.038,0.000,ios17.cast:3
"iPhone13,2",heat_128x256_s32_fp16_u4,392,3,0,0,0.971,0.029,0.000,ios17.cast:3
"iPhone13,2",heat_128x256_s32_fp16_u8,784,3,0,0,0.976,0.024,0.000,ios17.cast:3
"iPhone13,2",heat_128x256_s8_fp16_u1,25,3,0,0,0.814,0.186,0.000,ios17.cast:3
"iPhone13,2",heat_128x256_s8_fp16_u2,52,3,0,0,0.872,0.128,0.000,ios17.cast:3
"iPhone13,2",heat_128x256_s8_fp16_u4,104,3,0,0,0.903,0.097,0.000,ios17.cast:3
"iPhone13,2",heat_128x256_s8_fp16_u8,208,3,0,0,0.921,0.079,0.000,ios17.cast:3
"iPhone13,2",grayscott_128x256_s8_fp16_u1,161,3,0,0,0.933,0.067,0.000,ios17.cast:3
"iPhone13,2",grayscott_128x256_s8_fp16_u2,324,3,0,0,0.955,0.045,0.000,ios17.cast:3
"iPhone13,2",grayscott_128x256_s8_fp16_u4,648,3,0,0,0.966,0.034,0.000,ios17.cast:3
"iPhone13,2",grayscott_128x256_s8_fp16_u8,1296,3,0,0,0.972,0.028,0.000,ios17.cast:3
