model,ops_ne,ops_cpu,ops_gpu,ops_unplaced,cost_ne,cost_cpu,cost_gpu,off_ne_op_types
ink_unroll_128x256_j26_fp16_u1,136,0,0,0,1.000,0.000,0.000,
ink_unroll_128x256_j26_fp16_u2,267,0,0,0,1.000,0.000,0.000,
ink_unroll_128x256_j26_fp16_u4,525,0,0,0,1.000,0.000,0.000,
ink_unroll_128x256_j26_fp16_u8,1041,0,0,0,1.000,0.000,0.000,
heat_128x256_s32_fp16_u1,100,0,0,0,1.000,0.000,0.000,
heat_128x256_s32_fp16_u2,199,0,0,0,1.000,0.000,0.000,
heat_128x256_s32_fp16_u4,395,0,0,0,1.000,0.000,0.000,
heat_128x256_s32_fp16_u8,787,0,0,0,1.000,0.000,0.000,
heat_128x256_s8_fp16_u1,0,28,0,0,0.000,1.000,0.000,ios17.add:9 pad:8 ios17.conv:8 ios17.cast:3
heat_128x256_s8_fp16_u2,0,55,0,0,0.000,1.000,0.000,ios17.add:18 pad:16 ios17.conv:16 ios17.cast:3 ios17.slice_by_index:2
heat_128x256_s8_fp16_u4,107,0,0,0,1.000,0.000,0.000,
heat_128x256_s8_fp16_u8,211,0,0,0,1.000,0.000,0.000,
grayscott_128x256_s8_fp16_u1,164,0,0,0,1.000,0.000,0.000,
grayscott_128x256_s8_fp16_u2,327,0,0,0,1.000,0.000,0.000,
grayscott_128x256_s8_fp16_u4,651,0,0,0,1.000,0.000,0.000,
grayscott_128x256_s8_fp16_u8,1299,0,0,0,1.000,0.000,0.000,
