workload,K,units,mode,rep,ms_per_submission
heat_128x256_s8_fp16,1,ne,b2b,1,0.127
heat_128x256_s8_fp16,1,ne,b2b,2,0.131
heat_128x256_s8_fp16,1,ne,b2b,3,0.130
heat_128x256_s8_fp16,1,gpu,b2b,1,0.129
heat_128x256_s8_fp16,1,gpu,b2b,2,0.126
heat_128x256_s8_fp16,1,gpu,b2b,3,0.126
heat_128x256_s8_fp16,1,cpu,b2b,1,0.127
heat_128x256_s8_fp16,1,cpu,b2b,2,0.125
heat_128x256_s8_fp16,1,cpu,b2b,3,0.126
heat_128x256_s8_fp16,1,ne,paced,1,0.783
heat_128x256_s8_fp16,1,ne,paced,2,0.804
heat_128x256_s8_fp16,1,ne,paced,3,0.803
heat_128x256_s8_fp16,2,ne,b2b,1,0.227
heat_128x256_s8_fp16,2,ne,b2b,2,0.229
heat_128x256_s8_fp16,2,ne,b2b,3,0.230
heat_128x256_s8_fp16,2,gpu,b2b,1,0.227
heat_128x256_s8_fp16,2,gpu,b2b,2,0.229
heat_128x256_s8_fp16,2,gpu,b2b,3,0.230
heat_128x256_s8_fp16,2,cpu,b2b,1,0.231
heat_128x256_s8_fp16,2,cpu,b2b,2,0.234
heat_128x256_s8_fp16,2,cpu,b2b,3,0.231
heat_128x256_s8_fp16,2,ne,paced,1,1.496
heat_128x256_s8_fp16,2,ne,paced,2,1.521
heat_128x256_s8_fp16,2,ne,paced,3,1.468
heat_128x256_s8_fp16,4,ne,b2b,1,0.233
heat_128x256_s8_fp16,4,ne,b2b,2,0.242
heat_128x256_s8_fp16,4,ne,b2b,3,0.240
heat_128x256_s8_fp16,4,gpu,b2b,1,0.434
heat_128x256_s8_fp16,4,gpu,b2b,2,0.478
heat_128x256_s8_fp16,4,gpu,b2b,3,0.423
heat_128x256_s8_fp16,4,cpu,b2b,1,0.430
heat_128x256_s8_fp16,4,cpu,b2b,2,0.440
heat_128x256_s8_fp16,4,cpu,b2b,3,0.434
heat_128x256_s8_fp16,4,ne,paced,1,0.943
heat_128x256_s8_fp16,4,ne,paced,2,1.122
heat_128x256_s8_fp16,4,ne,paced,3,1.131
heat_128x256_s8_fp16,8,ne,b2b,1,0.338
heat_128x256_s8_fp16,8,ne,b2b,2,0.335
heat_128x256_s8_fp16,8,ne,b2b,3,0.337
heat_128x256_s8_fp16,8,gpu,b2b,1,0.775
heat_128x256_s8_fp16,8,gpu,b2b,2,0.789
heat_128x256_s8_fp16,8,gpu,b2b,3,0.808
heat_128x256_s8_fp16,8,cpu,b2b,1,0.824
heat_128x256_s8_fp16,8,cpu,b2b,2,0.859
heat_128x256_s8_fp16,8,cpu,b2b,3,0.829
heat_128x256_s8_fp16,8,ne,paced,1,1.435
heat_128x256_s8_fp16,8,ne,paced,2,1.286
heat_128x256_s8_fp16,8,ne,paced,3,1.408
heat_128x256_s32_fp16,1,ne,b2b,1,0.291
heat_128x256_s32_fp16,1,ne,b2b,2,0.216
heat_128x256_s32_fp16,1,ne,b2b,3,0.209
heat_128x256_s32_fp16,1,gpu,b2b,1,0.427
heat_128x256_s32_fp16,1,gpu,b2b,2,0.438
heat_128x256_s32_fp16,1,gpu,b2b,3,0.441
heat_128x256_s32_fp16,1,cpu,b2b,1,0.423
heat_128x256_s32_fp16,1,cpu,b2b,2,0.432
heat_128x256_s32_fp16,1,cpu,b2b,3,0.435
heat_128x256_s32_fp16,1,ne,paced,1,0.925
heat_128x256_s32_fp16,1,ne,paced,2,0.807
heat_128x256_s32_fp16,1,ne,paced,3,0.852
heat_128x256_s32_fp16,2,ne,b2b,1,0.307
heat_128x256_s32_fp16,2,ne,b2b,2,0.313
heat_128x256_s32_fp16,2,ne,b2b,3,0.306
heat_128x256_s32_fp16,2,gpu,b2b,1,0.720
heat_128x256_s32_fp16,2,gpu,b2b,2,0.720
heat_128x256_s32_fp16,2,gpu,b2b,3,0.767
heat_128x256_s32_fp16,2,cpu,b2b,1,0.829
heat_128x256_s32_fp16,2,cpu,b2b,2,0.829
heat_128x256_s32_fp16,2,cpu,b2b,3,0.827
heat_128x256_s32_fp16,2,ne,paced,1,1.238
heat_128x256_s32_fp16,2,ne,paced,2,1.247
heat_128x256_s32_fp16,2,ne,paced,3,1.038
heat_128x256_s32_fp16,4,ne,b2b,1,0.478
heat_128x256_s32_fp16,4,ne,b2b,2,0.496
heat_128x256_s32_fp16,4,ne,b2b,3,0.473
heat_128x256_s32_fp16,4,gpu,b2b,1,2.469
heat_128x256_s32_fp16,4,gpu,b2b,2,1.293
heat_128x256_s32_fp16,4,gpu,b2b,3,2.341
heat_128x256_s32_fp16,4,cpu,b2b,1,1.617
heat_128x256_s32_fp16,4,cpu,b2b,2,1.617
heat_128x256_s32_fp16,4,cpu,b2b,3,1.609
heat_128x256_s32_fp16,4,ne,paced,1,1.719
heat_128x256_s32_fp16,4,ne,paced,2,1.603
heat_128x256_s32_fp16,4,ne,paced,3,1.793
heat_128x256_s32_fp16,8,ne,b2b,1,0.779
heat_128x256_s32_fp16,8,ne,b2b,2,0.770
heat_128x256_s32_fp16,8,ne,b2b,3,0.778
heat_128x256_s32_fp16,8,gpu,b2b,1,4.797
heat_128x256_s32_fp16,8,gpu,b2b,2,5.322
heat_128x256_s32_fp16,8,gpu,b2b,3,5.130
heat_128x256_s32_fp16,8,cpu,b2b,1,3.250
heat_128x256_s32_fp16,8,cpu,b2b,2,3.156
heat_128x256_s32_fp16,8,cpu,b2b,3,3.185
heat_128x256_s32_fp16,8,ne,paced,1,2.441
heat_128x256_s32_fp16,8,ne,paced,2,2.497
heat_128x256_s32_fp16,8,ne,paced,3,2.317
grayscott_128x256_s8_fp16,1,ne,b2b,1,0.186
grayscott_128x256_s8_fp16,1,ne,b2b,2,0.184
grayscott_128x256_s8_fp16,1,ne,b2b,3,0.186
grayscott_128x256_s8_fp16,1,gpu,b2b,1,0.334
grayscott_128x256_s8_fp16,1,gpu,b2b,2,0.344
grayscott_128x256_s8_fp16,1,gpu,b2b,3,0.329
grayscott_128x256_s8_fp16,1,cpu,b2b,1,0.326
grayscott_128x256_s8_fp16,1,cpu,b2b,2,0.333
grayscott_128x256_s8_fp16,1,cpu,b2b,3,0.334
grayscott_128x256_s8_fp16,1,ne,paced,1,0.894
grayscott_128x256_s8_fp16,1,ne,paced,2,0.781
grayscott_128x256_s8_fp16,1,ne,paced,3,0.808
grayscott_128x256_s8_fp16,2,ne,b2b,1,0.274
grayscott_128x256_s8_fp16,2,ne,b2b,2,0.256
grayscott_128x256_s8_fp16,2,ne,b2b,3,0.267
grayscott_128x256_s8_fp16,2,gpu,b2b,1,0.680
grayscott_128x256_s8_fp16,2,gpu,b2b,2,0.735
grayscott_128x256_s8_fp16,2,gpu,b2b,3,0.675
grayscott_128x256_s8_fp16,2,cpu,b2b,1,0.655
grayscott_128x256_s8_fp16,2,cpu,b2b,2,0.639
grayscott_128x256_s8_fp16,2,cpu,b2b,3,0.641
grayscott_128x256_s8_fp16,2,ne,paced,1,0.806
grayscott_128x256_s8_fp16,2,ne,paced,2,0.828
grayscott_128x256_s8_fp16,2,ne,paced,3,1.154
grayscott_128x256_s8_fp16,4,ne,b2b,1,0.474
grayscott_128x256_s8_fp16,4,ne,b2b,2,0.423
grayscott_128x256_s8_fp16,4,ne,b2b,3,0.412
grayscott_128x256_s8_fp16,4,gpu,b2b,1,1.677
grayscott_128x256_s8_fp16,4,gpu,b2b,2,1.924
grayscott_128x256_s8_fp16,4,gpu,b2b,3,2.013
grayscott_128x256_s8_fp16,4,cpu,b2b,1,1.235
grayscott_128x256_s8_fp16,4,cpu,b2b,2,1.226
grayscott_128x256_s8_fp16,4,cpu,b2b,3,1.237
grayscott_128x256_s8_fp16,4,ne,paced,1,1.380
grayscott_128x256_s8_fp16,4,ne,paced,2,1.560
grayscott_128x256_s8_fp16,4,ne,paced,3,1.451
grayscott_128x256_s8_fp16,8,ne,b2b,1,0.633
grayscott_128x256_s8_fp16,8,ne,b2b,2,0.636
grayscott_128x256_s8_fp16,8,ne,b2b,3,0.636
grayscott_128x256_s8_fp16,8,gpu,b2b,1,3.307
grayscott_128x256_s8_fp16,8,gpu,b2b,2,3.551
grayscott_128x256_s8_fp16,8,gpu,b2b,3,3.512
grayscott_128x256_s8_fp16,8,cpu,b2b,1,2.223
grayscott_128x256_s8_fp16,8,cpu,b2b,2,2.223
grayscott_128x256_s8_fp16,8,cpu,b2b,3,2.216
grayscott_128x256_s8_fp16,8,ne,paced,1,1.307
grayscott_128x256_s8_fp16,8,ne,paced,2,2.108
grayscott_128x256_s8_fp16,8,ne,paced,3,2.101
ink_unroll_128x256_j26_fp16,1,ne,b2b,1,0.418
ink_unroll_128x256_j26_fp16,1,ne,b2b,2,0.398
ink_unroll_128x256_j26_fp16,1,ne,b2b,3,0.386
ink_unroll_128x256_j26_fp16,1,gpu,b2b,1,0.971
ink_unroll_128x256_j26_fp16,1,gpu,b2b,2,0.973
ink_unroll_128x256_j26_fp16,1,gpu,b2b,3,0.961
ink_unroll_128x256_j26_fp16,1,cpu,b2b,1,0.960
ink_unroll_128x256_j26_fp16,1,cpu,b2b,2,0.970
ink_unroll_128x256_j26_fp16,1,cpu,b2b,3,0.957
ink_unroll_128x256_j26_fp16,1,ne,paced,1,1.431
ink_unroll_128x256_j26_fp16,1,ne,paced,2,1.394
ink_unroll_128x256_j26_fp16,1,ne,paced,3,1.155
ink_unroll_128x256_j26_fp16,2,ne,b2b,1,0.727
ink_unroll_128x256_j26_fp16,2,ne,b2b,2,0.599
ink_unroll_128x256_j26_fp16,2,ne,b2b,3,0.601
ink_unroll_128x256_j26_fp16,2,gpu,b2b,1,0.947
ink_unroll_128x256_j26_fp16,2,gpu,b2b,2,0.957
ink_unroll_128x256_j26_fp16,2,gpu,b2b,3,0.907
ink_unroll_128x256_j26_fp16,2,cpu,b2b,1,1.857
ink_unroll_128x256_j26_fp16,2,cpu,b2b,2,1.872
ink_unroll_128x256_j26_fp16,2,cpu,b2b,3,1.864
ink_unroll_128x256_j26_fp16,2,ne,paced,1,2.085
ink_unroll_128x256_j26_fp16,2,ne,paced,2,2.073
ink_unroll_128x256_j26_fp16,2,ne,paced,3,2.020
ink_unroll_128x256_j26_fp16,4,ne,b2b,1,1.085
ink_unroll_128x256_j26_fp16,4,ne,b2b,2,0.960
ink_unroll_128x256_j26_fp16,4,ne,b2b,3,0.992
ink_unroll_128x256_j26_fp16,4,gpu,b2b,1,2.402
ink_unroll_128x256_j26_fp16,4,gpu,b2b,2,1.719
ink_unroll_128x256_j26_fp16,4,gpu,b2b,3,2.478
ink_unroll_128x256_j26_fp16,4,cpu,b2b,1,3.701
ink_unroll_128x256_j26_fp16,4,cpu,b2b,2,3.670
ink_unroll_128x256_j26_fp16,4,cpu,b2b,3,3.661
ink_unroll_128x256_j26_fp16,4,ne,paced,1,3.115
ink_unroll_128x256_j26_fp16,4,ne,paced,2,3.171
ink_unroll_128x256_j26_fp16,4,ne,paced,3,3.056
ink_unroll_128x256_j26_fp16,8,ne,b2b,1,1.773
ink_unroll_128x256_j26_fp16,8,ne,b2b,2,1.721
ink_unroll_128x256_j26_fp16,8,ne,b2b,3,1.727
ink_unroll_128x256_j26_fp16,8,gpu,b2b,1,2.526
ink_unroll_128x256_j26_fp16,8,gpu,b2b,2,3.013
ink_unroll_128x256_j26_fp16,8,gpu,b2b,3,5.282
ink_unroll_128x256_j26_fp16,8,cpu,b2b,1,7.439
ink_unroll_128x256_j26_fp16,8,cpu,b2b,2,7.681
ink_unroll_128x256_j26_fp16,8,cpu,b2b,3,7.536
ink_unroll_128x256_j26_fp16,8,ne,paced,1,4.898
ink_unroll_128x256_j26_fp16,8,ne,paced,2,5.134
ink_unroll_128x256_j26_fp16,8,ne,paced,3,5.157
ink_unroll_128x256_j26_fp16,1,cpu,paced,1,4.326
ink_unroll_128x256_j26_fp16,1,cpu,paced,2,4.232
ink_unroll_128x256_j26_fp16,2,cpu,paced,1,6.959
ink_unroll_128x256_j26_fp16,2,cpu,paced,2,7.107
ink_unroll_128x256_j26_fp16,4,cpu,paced,1,11.111
ink_unroll_128x256_j26_fp16,4,cpu,paced,2,11.575
ink_unroll_128x256_j26_fp16,8,cpu,paced,1,26.223
ink_unroll_128x256_j26_fp16,8,cpu,paced,2,25.866
ink_unroll_128x256_j26_fp16,1,gpu,paced,1,4.596
ink_unroll_128x256_j26_fp16,1,gpu,paced,2,4.356
ink_unroll_128x256_j26_fp16,2,gpu,paced,1,6.037
ink_unroll_128x256_j26_fp16,2,gpu,paced,2,6.036
ink_unroll_128x256_j26_fp16,4,gpu,paced,1,9.198
ink_unroll_128x256_j26_fp16,4,gpu,paced,2,10.102
ink_unroll_128x256_j26_fp16,8,gpu,paced,1,14.950
ink_unroll_128x256_j26_fp16,8,gpu,paced,2,14.496
heat_128x256_s32_fp16,1,cpu,paced,1,2.152
heat_128x256_s32_fp16,1,cpu,paced,2,2.024
heat_128x256_s32_fp16,2,cpu,paced,1,4.121
heat_128x256_s32_fp16,2,cpu,paced,2,4.059
heat_128x256_s32_fp16,4,cpu,paced,1,7.915
heat_128x256_s32_fp16,4,cpu,paced,2,7.002
heat_128x256_s32_fp16,8,cpu,paced,1,14.026
heat_128x256_s32_fp16,8,cpu,paced,2,14.935
heat_128x256_s32_fp16,1,gpu,paced,1,2.321
heat_128x256_s32_fp16,1,gpu,paced,2,2.245
heat_128x256_s32_fp16,2,gpu,paced,1,4.791
heat_128x256_s32_fp16,2,gpu,paced,2,4.786
heat_128x256_s32_fp16,4,gpu,paced,1,8.297
heat_128x256_s32_fp16,4,gpu,paced,2,8.174
heat_128x256_s32_fp16,8,gpu,paced,1,13.173
heat_128x256_s32_fp16,8,gpu,paced,2,12.972
grayscott_128x256_s8_fp16,1,cpu,paced,1,1.468
grayscott_128x256_s8_fp16,1,cpu,paced,2,1.496
grayscott_128x256_s8_fp16,2,cpu,paced,1,2.779
grayscott_128x256_s8_fp16,2,cpu,paced,2,2.708
grayscott_128x256_s8_fp16,4,cpu,paced,1,5.608
grayscott_128x256_s8_fp16,4,cpu,paced,2,5.402
grayscott_128x256_s8_fp16,8,cpu,paced,1,8.542
grayscott_128x256_s8_fp16,8,cpu,paced,2,6.783
grayscott_128x256_s8_fp16,1,gpu,paced,1,1.424
grayscott_128x256_s8_fp16,1,gpu,paced,2,1.475
grayscott_128x256_s8_fp16,2,gpu,paced,1,4.161
grayscott_128x256_s8_fp16,2,gpu,paced,2,3.677
grayscott_128x256_s8_fp16,4,gpu,paced,1,5.770
grayscott_128x256_s8_fp16,4,gpu,paced,2,6.316
grayscott_128x256_s8_fp16,8,gpu,paced,1,10.517
grayscott_128x256_s8_fp16,8,gpu,paced,2,10.428
ink_unroll_128x256_j26_fp16,1,metal,b2b,1,0.674
ink_unroll_128x256_j26_fp16,1,metal-exec,b2b,1,0.329
ink_unroll_128x256_j26_fp16,1,metal,b2b,2,0.318
ink_unroll_128x256_j26_fp16,1,metal-exec,b2b,2,0.097
ink_unroll_128x256_j26_fp16,1,metal,b2b,3,0.278
ink_unroll_128x256_j26_fp16,1,metal-exec,b2b,3,0.079
ink_unroll_128x256_j26_fp16,1,metal,paced,1,1.217
ink_unroll_128x256_j26_fp16,1,metal-exec,paced,1,0.372
ink_unroll_128x256_j26_fp16,1,metal,paced,2,1.164
ink_unroll_128x256_j26_fp16,1,metal-exec,paced,2,0.438
ink_unroll_128x256_j26_fp16,1,metal,paced,3,1.162
ink_unroll_128x256_j26_fp16,1,metal-exec,paced,3,0.372
ink_unroll_128x256_j26_fp16,2,metal,b2b,1,0.579
ink_unroll_128x256_j26_fp16,2,metal-exec,b2b,1,0.323
ink_unroll_128x256_j26_fp16,2,metal,b2b,2,0.371
ink_unroll_128x256_j26_fp16,2,metal-exec,b2b,2,0.154
ink_unroll_128x256_j26_fp16,2,metal,b2b,3,0.370
ink_unroll_128x256_j26_fp16,2,metal-exec,b2b,3,0.154
ink_unroll_128x256_j26_fp16,2,metal,paced,1,1.629
ink_unroll_128x256_j26_fp16,2,metal-exec,paced,1,0.806
ink_unroll_128x256_j26_fp16,2,metal,paced,2,1.604
ink_unroll_128x256_j26_fp16,2,metal-exec,paced,2,0.710
ink_unroll_128x256_j26_fp16,2,metal,paced,3,1.667
ink_unroll_128x256_j26_fp16,2,metal-exec,paced,3,0.727
ink_unroll_128x256_j26_fp16,4,metal,b2b,1,0.840
ink_unroll_128x256_j26_fp16,4,metal-exec,b2b,1,0.528
ink_unroll_128x256_j26_fp16,4,metal,b2b,2,0.497
ink_unroll_128x256_j26_fp16,4,metal-exec,b2b,2,0.306
ink_unroll_128x256_j26_fp16,4,metal,b2b,3,0.520
ink_unroll_128x256_j26_fp16,4,metal-exec,b2b,3,0.310
ink_unroll_128x256_j26_fp16,4,metal,paced,1,2.570
ink_unroll_128x256_j26_fp16,4,metal-exec,paced,1,1.454
ink_unroll_128x256_j26_fp16,4,metal,paced,2,2.607
ink_unroll_128x256_j26_fp16,4,metal-exec,paced,2,1.482
ink_unroll_128x256_j26_fp16,4,metal,paced,3,2.566
ink_unroll_128x256_j26_fp16,4,metal-exec,paced,3,1.454
ink_unroll_128x256_j26_fp16,8,metal,b2b,1,1.122
ink_unroll_128x256_j26_fp16,8,metal-exec,b2b,1,0.866
ink_unroll_128x256_j26_fp16,8,metal,b2b,2,0.885
ink_unroll_128x256_j26_fp16,8,metal-exec,b2b,2,0.615
ink_unroll_128x256_j26_fp16,8,metal,b2b,3,0.884
ink_unroll_128x256_j26_fp16,8,metal-exec,b2b,3,0.615
ink_unroll_128x256_j26_fp16,8,metal,paced,1,4.274
ink_unroll_128x256_j26_fp16,8,metal-exec,paced,1,2.914
ink_unroll_128x256_j26_fp16,8,metal,paced,2,4.248
ink_unroll_128x256_j26_fp16,8,metal-exec,paced,2,2.931
ink_unroll_128x256_j26_fp16,8,metal,paced,3,4.231
ink_unroll_128x256_j26_fp16,8,metal-exec,paced,3,2.907
heat_128x256_s32_fp16,1,metal,b2b,1,0.764
heat_128x256_s32_fp16,1,metal-exec,b2b,1,0.299
heat_128x256_s32_fp16,1,metal,b2b,2,0.297
heat_128x256_s32_fp16,1,metal-exec,b2b,2,0.079
heat_128x256_s32_fp16,1,metal,b2b,3,0.292
heat_128x256_s32_fp16,1,metal-exec,b2b,3,0.078
heat_128x256_s32_fp16,1,metal,paced,1,1.075
heat_128x256_s32_fp16,1,metal-exec,paced,1,0.367
heat_128x256_s32_fp16,1,metal,paced,2,1.075
heat_128x256_s32_fp16,1,metal-exec,paced,2,0.361
heat_128x256_s32_fp16,1,metal,paced,3,1.122
heat_128x256_s32_fp16,1,metal-exec,paced,3,0.373
heat_128x256_s32_fp16,2,metal,b2b,1,0.554
heat_128x256_s32_fp16,2,metal-exec,b2b,1,0.305
heat_128x256_s32_fp16,2,metal,b2b,2,0.361
heat_128x256_s32_fp16,2,metal-exec,b2b,2,0.154
heat_128x256_s32_fp16,2,metal,b2b,3,0.368
heat_128x256_s32_fp16,2,metal-exec,b2b,3,0.155
heat_128x256_s32_fp16,2,metal,paced,1,1.670
heat_128x256_s32_fp16,2,metal-exec,paced,1,0.779
heat_128x256_s32_fp16,2,metal,paced,2,1.432
heat_128x256_s32_fp16,2,metal-exec,paced,2,0.695
heat_128x256_s32_fp16,2,metal,paced,3,1.451
heat_128x256_s32_fp16,2,metal-exec,paced,3,0.733
heat_128x256_s32_fp16,4,metal,b2b,1,0.887
heat_128x256_s32_fp16,4,metal-exec,b2b,1,0.567
heat_128x256_s32_fp16,4,metal,b2b,2,0.526
heat_128x256_s32_fp16,4,metal-exec,b2b,2,0.311
heat_128x256_s32_fp16,4,metal,b2b,3,0.525
heat_128x256_s32_fp16,4,metal-exec,b2b,3,0.310
heat_128x256_s32_fp16,4,metal,paced,1,2.244
heat_128x256_s32_fp16,4,metal-exec,paced,1,1.461
heat_128x256_s32_fp16,4,metal,paced,2,2.233
heat_128x256_s32_fp16,4,metal-exec,paced,2,1.405
heat_128x256_s32_fp16,4,metal,paced,3,2.468
heat_128x256_s32_fp16,4,metal-exec,paced,3,1.469
heat_128x256_s32_fp16,8,metal,b2b,1,1.160
heat_128x256_s32_fp16,8,metal-exec,b2b,1,0.902
heat_128x256_s32_fp16,8,metal,b2b,2,0.886
heat_128x256_s32_fp16,8,metal-exec,b2b,2,0.621
heat_128x256_s32_fp16,8,metal,b2b,3,0.885
heat_128x256_s32_fp16,8,metal-exec,b2b,3,0.621
heat_128x256_s32_fp16,8,metal,paced,1,4.111
heat_128x256_s32_fp16,8,metal-exec,paced,1,2.914
heat_128x256_s32_fp16,8,metal,paced,2,4.398
heat_128x256_s32_fp16,8,metal-exec,paced,2,3.271
heat_128x256_s32_fp16,8,metal,paced,3,4.207
heat_128x256_s32_fp16,8,metal-exec,paced,3,2.981
heat_128x256_s8_fp16,1,metal,b2b,1,0.430
heat_128x256_s8_fp16,1,metal-exec,b2b,1,0.069
heat_128x256_s8_fp16,1,metal,b2b,2,0.232
heat_128x256_s8_fp16,1,metal-exec,b2b,2,0.020
heat_128x256_s8_fp16,1,metal,b2b,3,0.221
heat_128x256_s8_fp16,1,metal-exec,b2b,3,0.020
heat_128x256_s8_fp16,1,metal,paced,1,0.769
heat_128x256_s8_fp16,1,metal-exec,paced,1,0.094
heat_128x256_s8_fp16,1,metal,paced,2,0.720
heat_128x256_s8_fp16,1,metal-exec,paced,2,0.093
heat_128x256_s8_fp16,1,metal,paced,3,0.720
heat_128x256_s8_fp16,1,metal-exec,paced,3,0.093
heat_128x256_s8_fp16,2,metal,b2b,1,0.487
heat_128x256_s8_fp16,2,metal-exec,b2b,1,0.143
heat_128x256_s8_fp16,2,metal,b2b,2,0.242
heat_128x256_s8_fp16,2,metal-exec,b2b,2,0.040
heat_128x256_s8_fp16,2,metal,b2b,3,0.238
heat_128x256_s8_fp16,2,metal-exec,b2b,3,0.039
heat_128x256_s8_fp16,2,metal,paced,1,0.868
heat_128x256_s8_fp16,2,metal-exec,paced,1,0.180
heat_128x256_s8_fp16,2,metal,paced,2,0.905
heat_128x256_s8_fp16,2,metal-exec,paced,2,0.181
heat_128x256_s8_fp16,2,metal,paced,3,0.946
heat_128x256_s8_fp16,2,metal-exec,paced,3,0.185
heat_128x256_s8_fp16,4,metal,b2b,1,0.622
heat_128x256_s8_fp16,4,metal-exec,b2b,1,0.210
heat_128x256_s8_fp16,4,metal,b2b,2,0.291
heat_128x256_s8_fp16,4,metal-exec,b2b,2,0.077
heat_128x256_s8_fp16,4,metal,b2b,3,0.291
heat_128x256_s8_fp16,4,metal-exec,b2b,3,0.077
heat_128x256_s8_fp16,4,metal,paced,1,1.293
heat_128x256_s8_fp16,4,metal-exec,paced,1,0.364
heat_128x256_s8_fp16,4,metal,paced,2,1.322
heat_128x256_s8_fp16,4,metal-exec,paced,2,0.363
heat_128x256_s8_fp16,4,metal,paced,3,1.371
heat_128x256_s8_fp16,4,metal-exec,paced,3,0.367
heat_128x256_s8_fp16,8,metal,b2b,1,0.826
heat_128x256_s8_fp16,8,metal-exec,b2b,1,0.429
heat_128x256_s8_fp16,8,metal,b2b,2,0.372
heat_128x256_s8_fp16,8,metal-exec,b2b,2,0.155
heat_128x256_s8_fp16,8,metal,b2b,3,0.372
heat_128x256_s8_fp16,8,metal-exec,b2b,3,0.155
heat_128x256_s8_fp16,8,metal,paced,1,1.790
heat_128x256_s8_fp16,8,metal-exec,paced,1,0.714
heat_128x256_s8_fp16,8,metal,paced,2,1.813
heat_128x256_s8_fp16,8,metal-exec,paced,2,0.730
heat_128x256_s8_fp16,8,metal,paced,3,1.888
heat_128x256_s8_fp16,8,metal-exec,paced,3,0.733
grayscott_128x256_s8_fp16,1,metal,b2b,1,0.575
grayscott_128x256_s8_fp16,1,metal-exec,b2b,1,0.084
grayscott_128x256_s8_fp16,1,metal,b2b,2,0.251
grayscott_128x256_s8_fp16,1,metal-exec,b2b,2,0.025
grayscott_128x256_s8_fp16,1,metal,b2b,3,0.230
grayscott_128x256_s8_fp16,1,metal-exec,b2b,3,0.020
grayscott_128x256_s8_fp16,1,metal,paced,1,0.762
grayscott_128x256_s8_fp16,1,metal-exec,paced,1,0.098
grayscott_128x256_s8_fp16,1,metal,paced,2,0.929
grayscott_128x256_s8_fp16,1,metal-exec,paced,2,0.188
grayscott_128x256_s8_fp16,1,metal,paced,3,0.944
grayscott_128x256_s8_fp16,1,metal-exec,paced,3,0.203
grayscott_128x256_s8_fp16,2,metal,b2b,1,0.535
grayscott_128x256_s8_fp16,2,metal-exec,b2b,1,0.116
grayscott_128x256_s8_fp16,2,metal,b2b,2,0.245
grayscott_128x256_s8_fp16,2,metal-exec,b2b,2,0.040
grayscott_128x256_s8_fp16,2,metal,b2b,3,0.246
grayscott_128x256_s8_fp16,2,metal-exec,b2b,3,0.040
grayscott_128x256_s8_fp16,2,metal,paced,1,1.245
grayscott_128x256_s8_fp16,2,metal-exec,paced,1,0.412
grayscott_128x256_s8_fp16,2,metal,paced,2,1.030
grayscott_128x256_s8_fp16,2,metal-exec,paced,2,0.189
grayscott_128x256_s8_fp16,2,metal,paced,3,1.136
grayscott_128x256_s8_fp16,2,metal-exec,paced,3,0.305
grayscott_128x256_s8_fp16,4,metal,b2b,1,0.667
grayscott_128x256_s8_fp16,4,metal-exec,b2b,1,0.257
grayscott_128x256_s8_fp16,4,metal,b2b,2,0.286
grayscott_128x256_s8_fp16,4,metal-exec,b2b,2,0.081
grayscott_128x256_s8_fp16,4,metal,b2b,3,0.289
grayscott_128x256_s8_fp16,4,metal-exec,b2b,3,0.081
grayscott_128x256_s8_fp16,4,metal,paced,1,1.365
grayscott_128x256_s8_fp16,4,metal-exec,paced,1,0.458
grayscott_128x256_s8_fp16,4,metal,paced,2,1.399
grayscott_128x256_s8_fp16,4,metal-exec,paced,2,0.483
grayscott_128x256_s8_fp16,4,metal,paced,3,1.351
grayscott_128x256_s8_fp16,4,metal-exec,paced,3,0.378
grayscott_128x256_s8_fp16,8,metal,b2b,1,0.775
grayscott_128x256_s8_fp16,8,metal-exec,b2b,1,0.407
grayscott_128x256_s8_fp16,8,metal,b2b,2,0.379
grayscott_128x256_s8_fp16,8,metal-exec,b2b,2,0.163
grayscott_128x256_s8_fp16,8,metal,b2b,3,0.364
grayscott_128x256_s8_fp16,8,metal-exec,b2b,3,0.158
grayscott_128x256_s8_fp16,8,metal,paced,1,1.629
grayscott_128x256_s8_fp16,8,metal-exec,paced,1,0.705
grayscott_128x256_s8_fp16,8,metal,paced,2,1.704
grayscott_128x256_s8_fp16,8,metal-exec,paced,2,0.744
grayscott_128x256_s8_fp16,8,metal,paced,3,1.705
grayscott_128x256_s8_fp16,8,metal-exec,paced,3,0.760
