step,splats,gpuMs
0,0,0.3326
1,0,0.3329
2,0,0.3329
3,0,0.3328
4,1,0.3576
5,1,0.3641
6,1,0.3660
7,1,0.3663
8,1,2.2460
9,1,0.3679
10,1,0.3680
11,1,0.3676
12,1,0.3679
13,1,0.3678
14,1,0.3694
15,1,0.3683
16,1,0.3683
17,1,0.3676
18,1,0.3679
19,1,0.3679
20,1,0.3677
21,1,0.3680
22,1,0.3683
23,1,0.3689
24,1,0.3681
25,1,0.3684
26,1,0.3675
27,1,0.3667
28,1,0.3675
29,1,0.3677
30,1,0.3675
31,1,0.3681
32,1,0.3678
33,1,0.3691
34,1,0.3681
35,1,0.3756
36,1,0.3683
37,1,0.3694
38,1,0.3686
39,1,0.3684
40,2,0.3702
41,1,0.3710
42,1,0.3735
43,1,0.3701
44,1,0.3947
45,1,0.3915
46,1,0.3968
47,1,0.3826
48,1,0.3853
49,1,0.3718
50,1,0.3715
51,1,0.3722
52,1,0.3720
53,1,0.3798
54,1,0.3824
55,1,0.3823
56,1,0.3858
57,1,0.3768
58,1,0.3839
59,1,0.3929
60,1,0.3923
61,1,0.3720
62,1,0.3718
63,1,0.4053
64,1,0.6128
65,1,0.4140
66,1,0.3884
67,1,0.3861
68,1,0.3871
69,1,0.3884
70,1,0.3925
71,1,0.3905
72,1,0.3900
73,1,0.3879
74,1,0.3925
75,1,0.3865
76,1,0.3870
77,1,0.3863
78,1,0.3032
79,1,0.2071
80,1,0.2026
81,1,0.2028
82,1,0.2030
83,1,0.2036
84,1,0.2029
85,1,0.2022
86,1,0.2028
87,1,0.2021
88,1,0.2021
89,1,0.2027
90,1,0.2022
91,1,0.2023
92,1,0.1325
93,1,0.1360
94,2,0.1324
95,1,0.1358
96,1,0.1333
97,1,0.1357
98,1,0.1325
99,1,0.1327
100,1,0.1514
101,1,0.1356
102,1,0.1330
103,1,0.1351
104,1,0.1329
105,1,0.1330
106,1,0.1337
107,1,0.1332
108,1,0.1333
109,1,0.1332
110,1,0.1334
111,1,0.1332
112,1,0.1340
113,1,0.1333
114,1,0.1337
115,1,0.1340
116,1,0.1340
117,1,0.1346
118,1,0.1350
119,1,0.1343
120,1,0.1344
121,1,0.1345
122,1,0.1346
123,1,0.1347
124,1,0.1349
125,1,0.1349
126,1,0.1348
127,1,0.1340
128,1,0.1345
129,1,0.1337
130,1,0.1349
131,1,0.1346
132,1,0.1346
133,1,0.1343
134,2,0.1343
135,1,0.1339
136,1,0.1344
137,1,0.1342
138,1,0.1345
139,1,0.1341
140,1,0.1345
141,1,0.1339
142,1,0.1345
143,1,0.1340
144,1,0.1341
145,1,0.1336
146,1,0.1336
147,1,0.1340
148,1,0.1344
149,1,0.1341
150,1,0.1349
151,1,0.1338
152,1,0.1338
153,1,0.1328
154,1,0.1334
155,1,0.1331
156,1,0.1332
157,1,0.1333
158,1,0.1336
159,1,0.1330
160,1,0.1330
161,1,0.1328
162,1,0.1328
163,1,0.1325
164,1,0.1327
165,1,0.1329
166,1,0.1334
167,1,0.1333
168,1,0.1332
169,1,0.1330
170,1,0.1332
171,1,0.1332
172,1,0.1334
173,1,0.1329
174,1,0.1330
175,1,0.1330
176,1,0.1332
177,1,0.1336
178,1,0.1335
179,1,0.1334
180,1,0.1329
181,1,0.1330
182,1,0.1335
183,1,0.1332
184,1,0.1334
185,1,0.1334
186,1,0.1332
187,1,0.1331
188,1,0.1331
189,1,0.1332
190,1,0.1334
191,1,0.1330
192,1,0.1329
193,1,0.1326
194,1,0.1329
195,1,0.1323
196,1,0.1326
197,1,0.1325
198,1,0.1326
199,1,0.1329
200,1,0.1389
201,1,0.1349
202,1,0.1345
203,1,0.1345
204,1,0.1347
205,1,0.1345
206,1,0.1345
207,1,0.1344
208,1,0.1348
209,1,0.1349
210,1,0.1350
211,1,0.1350
212,1,0.1350
213,1,0.1346
214,1,0.1348
215,1,0.1353
216,1,0.1349
217,1,0.1349
218,1,0.1348
219,1,0.1349
220,1,0.1349
221,1,0.1356
222,1,0.1353
223,1,0.1355
224,1,0.1349
225,1,0.1352
226,1,0.1354
227,1,0.1354
228,1,0.1353
229,1,0.1360
230,1,0.1354
231,1,0.1350
232,1,0.1358
233,1,0.1355
234,1,0.1362
235,1,0.1357
236,1,0.1355
237,1,0.1351
238,1,0.1347
239,1,0.1347
240,1,0.1349
241,1,0.1350
242,1,0.1350
243,1,0.1354
244,1,0.1347
245,1,0.1350
246,1,0.1354
247,1,0.1350
248,1,0.1349
249,1,0.1347
250,1,0.1345
251,2,0.1351
252,1,0.1346
253,1,0.1349
254,1,0.1344
255,1,0.1351
256,1,0.1343
257,1,0.1344
258,1,0.1343
259,1,0.1342
260,1,0.1349
261,1,0.1351
262,1,0.1346
263,1,0.1351
264,1,0.1350
265,1,0.1350
266,1,0.1350
267,1,0.1346
268,1,0.1348
269,1,0.1349
270,1,0.1349
271,1,0.1352
272,1,0.1364
273,1,0.1360
274,1,0.1363
275,1,0.1357
276,1,0.1356
277,1,0.5008
278,1,0.2025
279,1,0.1355
280,1,0.1353
281,1,0.1359
282,1,0.1354
283,1,0.1355
284,1,0.1355
285,1,0.1351
286,1,0.1355
287,1,0.1359
288,1,0.1355
289,1,0.1353
290,1,0.1355
291,1,0.1358
292,3,0.1358
293,1,0.1360
294,1,0.1358
295,1,0.1359
296,1,0.1356
297,1,0.1356
298,1,0.1356
299,1,0.1359
300,1,0.1412
301,1,0.1360
302,1,0.1365
303,1,0.1370
304,1,0.1366
305,2,0.1368
306,1,0.1368
307,1,0.1366
308,1,0.1365
309,1,0.1365
310,1,0.1362
311,1,0.1363
312,1,0.1376
313,1,0.1374
314,1,0.1371
315,1,0.1369
316,1,0.1364
317,1,0.1357
318,1,0.1359
319,1,0.1365
320,1,0.1360
321,1,0.1362
322,1,0.1369
323,1,0.1371
324,1,0.1371
325,1,0.1371
326,1,0.1361
327,1,0.1371
328,1,0.1363
329,1,0.1366
330,1,0.1362
331,1,0.1369
332,1,0.1365
333,1,0.1367
334,1,0.1367
335,1,0.1365
336,1,0.1369
337,1,0.1371
338,1,0.1369
339,1,0.1370
340,1,0.1368
341,1,0.1372
342,1,0.1364
343,1,0.1367
344,1,0.1366
345,1,0.1372
346,1,0.1369
347,1,0.1364
348,1,0.1368
349,1,0.1370
350,1,0.1370
351,1,0.1370
352,1,0.1366
353,1,0.1361
354,1,0.1369
355,1,0.1368
356,1,0.1365
357,1,0.1368
358,1,0.1364
359,1,0.1364
360,1,0.1362
361,1,0.1503
362,1,0.1505
363,1,0.1511
364,1,0.1508
365,1,0.1615
366,1,1.0070
367,1,0.1376
368,1,0.1369
369,1,0.1367
370,1,0.1367
371,1,0.1366
372,1,0.1363
373,1,0.1364
374,1,0.1367
375,1,0.1366
376,1,0.1374
377,1,0.1369
378,1,0.1365
379,1,0.1367
380,1,0.1373
381,1,0.1378
382,1,0.1375
383,1,0.1370
384,1,0.1373
385,1,0.1369
386,1,0.1365
387,1,0.1374
388,1,0.1374
389,1,0.1372
390,1,0.1367
391,1,0.1369
392,1,0.1373
393,1,0.1371
394,1,0.1379
395,1,0.1375
396,1,0.1368
397,1,0.1372
398,1,0.1371
399,1,0.1376
400,1,0.1696
401,1,0.1571
402,1,0.1569
403,1,0.1570
404,1,0.1574
405,1,0.1574
406,1,0.1567
407,1,0.1568
408,1,0.1566
409,1,0.1566
410,1,0.1571
411,1,0.1572
412,1,0.1570
413,1,0.1435
414,1,0.1443
415,1,0.1442
416,1,0.1441
417,1,0.1441
418,1,0.1440
419,1,0.1436
420,1,0.1440
421,2,0.1435
422,1,0.1427
423,1,0.1436
424,1,0.1432
425,1,0.1435
426,1,0.1439
427,1,0.1438
428,1,0.1435
429,1,0.1434
430,1,0.1438
431,1,0.1437
432,1,0.1427
433,1,0.1429
434,1,0.1431
435,1,0.1435
436,1,0.1431
437,1,0.1432
438,1,0.1429
439,1,0.1432
440,1,0.1425
441,1,0.1425
442,1,0.1423
443,1,0.1425
444,1,0.1420
445,1,0.1423
446,1,0.1422
447,1,0.1425
448,1,0.1424
449,1,0.1419
450,1,0.1419
451,1,0.1422
452,1,0.1421
453,1,0.1420
454,1,0.1419
455,1,0.1428
456,1,0.1565
457,1,0.1555
458,1,0.1555
459,1,0.1561
460,1,0.1557
461,1,0.1560
462,1,0.1557
463,1,0.1555
464,3,0.1569
465,1,0.1574
466,1,0.1575
467,1,0.1581
468,1,0.1434
469,1,0.1437
470,1,0.1440
471,1,0.1433
472,1,0.1430
473,1,0.1437
474,1,0.1435
475,1,0.1434
476,1,0.1440
477,1,0.1441
478,1,0.1445
479,1,0.1447
480,1,0.1445
481,1,0.1443
482,1,0.1442
483,1,0.1452
484,1,0.1453
485,1,0.1450
486,1,0.1440
487,1,0.1443
488,1,0.1437
489,1,0.1436
490,1,0.1445
491,1,0.1440
492,1,0.1443
493,1,0.1444
494,1,0.1434
495,1,0.1435
496,1,0.1436
497,1,0.1441
498,1,0.1437
499,1,0.1439
500,1,0.1555
501,1,0.1434
502,1,0.1440
503,1,0.1439
504,1,0.1440
505,1,0.1446
506,1,0.1335
507,1,0.1331
508,1,0.1328
509,1,0.1334
510,1,0.1324
511,1,0.1332
512,1,0.1328
513,1,0.1329
514,1,0.1328
515,1,0.1330
516,1,0.1327
517,1,0.1334
518,1,0.1327
519,1,0.1330
520,2,0.1341
521,1,0.1247
522,1,0.1246
523,1,0.1247
524,1,0.1241
525,1,0.1248
526,1,0.1255
527,1,0.3476
528,1,0.2314
529,1,0.1166
530,1,0.1165
531,1,0.1161
532,1,0.1165
533,1,0.1245
534,1,0.1246
535,1,0.1249
536,1,0.1246
537,1,0.1245
538,1,0.1241
539,1,0.1240
540,1,0.1243
541,1,0.1241
542,1,0.1245
543,1,0.1244
544,1,0.1240
545,1,0.1245
546,1,0.1244
547,1,0.1244
548,1,0.1235
549,1,0.1238
550,1,0.1237
551,1,0.1240
552,1,0.1234
553,1,0.1236
554,1,0.1236
555,1,0.1238
556,1,0.1240
557,1,0.1239
558,1,0.1240
559,1,0.1244
560,1,0.1240
561,1,0.1242
562,1,0.1237
563,1,0.1240
564,1,0.1236
565,1,0.1238
566,1,0.1238
567,1,0.1237
568,1,0.1242
569,1,0.1172
570,1,0.1079
571,1,0.1081
572,1,0.1080
573,1,0.1085
574,1,0.1088
575,1,0.1086
576,1,0.1089
577,1,1.0845
578,1,0.1011
579,1,0.1007
580,1,0.1009
581,2,0.1008
582,1,0.1010
583,1,0.1023
584,1,0.1026
585,1,0.0997
586,1,0.0999
587,1,0.0996
588,1,0.0996
589,1,0.1000
590,1,0.0994
591,1,0.0995
592,1,0.0995
593,1,0.0999
594,1,0.0992
595,1,0.0989
596,1,0.0994
597,1,0.0990
598,1,0.0990
599,1,0.0987
600,1,0.1289
601,1,0.0990
602,1,0.0997
603,1,0.0993
604,1,0.0999
605,1,0.1008
606,1,0.1010
607,1,0.1008
608,1,0.1001
609,1,0.1011
610,1,0.1010
611,1,0.1010
612,1,0.1011
613,1,0.1003
614,1,0.1009
615,1,0.0945
616,1,0.0945
617,1,0.0942
618,1,0.0944
619,1,0.0942
620,1,0.0949
621,1,0.0943
622,1,0.0947
623,1,0.0948
624,1,0.0953
625,1,0.0945
626,1,0.0942
627,1,0.0947
628,1,0.0945
629,1,0.0943
630,1,0.0893
631,1,0.0891
632,1,0.0890
633,1,0.0885
634,1,0.0890
635,1,0.0900
636,1,0.0895
637,1,0.0896
638,1,0.0893
639,1,0.0894
640,1,0.0894
641,1,0.0885
642,1,0.0895
643,1,0.0893
644,1,0.0892
645,1,0.0894
646,1,0.0896
647,1,0.0897
648,1,0.0920
649,1,0.0923
650,1,0.0890
651,2,0.0890
652,1,0.0893
653,1,0.0891
654,1,0.0894
655,1,0.0890
656,1,0.0895
657,1,0.0892
658,1,0.0893
659,1,0.0896
660,1,0.0888
661,1,0.0886
662,1,0.0891
663,1,0.0897
664,1,0.0895
665,1,0.0897
666,1,0.0887
667,1,0.0894
668,1,0.0891
669,1,0.0891
670,1,0.0893
671,1,0.0894
672,1,0.0896
673,1,0.0894
674,1,0.0896
675,1,0.0894
676,1,0.0900
677,1,0.0916
678,1,0.0944
679,1,0.0952
680,1,0.0950
681,1,0.0955
682,1,0.0954
683,1,0.0950
684,1,0.0945
685,1,0.0948
686,1,0.0949
687,1,0.0949
688,3,0.0958
689,1,0.0946
690,1,0.0952
691,1,0.0951
692,1,0.0949
693,1,0.0938
694,1,0.0940
695,1,0.0936
696,1,0.0944
697,1,0.0937
698,1,0.0885
699,1,0.0885
700,1,0.0895
701,1,0.0883
702,1,0.0881
703,1,0.0882
704,1,0.0883
705,1,0.0881
706,1,0.0888
707,1,0.0888
708,1,0.0888
709,1,0.0887
710,1,0.0889
711,1,0.0885
712,1,0.0882
713,1,0.0884
714,1,0.0880
715,1,0.0881
716,1,0.0884
717,1,0.0889
718,1,0.0891
719,1,0.0889
720,1,0.0884
721,1,0.0889
722,1,0.0889
723,1,0.0883
724,1,0.0882
725,1,0.0885
726,1,0.0886
727,1,0.0884
728,1,0.0885
729,1,0.0878
730,1,0.0883
731,1,0.0880
732,1,0.0881
733,1,0.0876
734,1,0.0877
735,1,0.0883
736,1,0.0884
737,1,0.0894
738,1,0.0889
739,1,0.0888
740,1,0.0887
741,1,0.0888
742,1,0.0885
743,1,0.0883
744,1,0.0881
745,1,0.0882
746,1,0.0892
747,1,0.0884
748,1,0.0888
749,1,0.0883
750,1,0.0882
751,1,0.0883
752,1,0.0883
753,1,0.0880
754,1,0.0888
755,2,0.0888
756,1,0.0880
757,1,0.0878
758,1,0.0883
759,1,0.0879
760,1,0.0880
761,1,0.0879
762,1,0.0881
763,1,0.0886
764,1,0.0880
765,1,0.0877
766,1,0.0880
767,1,0.0884
768,1,0.0880
769,1,0.0881
770,1,0.0883
771,1,0.0881
772,1,0.0880
773,1,0.0886
774,1,0.0885
775,1,0.0876
776,1,0.0879
777,1,0.0886
778,1,0.0885
779,1,0.0887
780,1,0.0883
781,1,0.0886
782,1,0.0883
783,1,0.0887
784,1,0.0885
785,1,0.0885
786,1,0.0886
787,1,0.0893
788,1,0.0890
789,1,0.0885
790,1,0.0886
791,1,0.0880
792,1,0.0879
793,1,0.0882
794,1,0.0886
795,2,0.0882
796,1,0.0880
797,1,0.0900
798,1,0.0892
799,1,0.0894
800,1,0.0954
801,1,0.0896
802,1,0.0900
803,1,0.0900
804,1,0.0900
805,1,0.0904
806,1,0.0901
807,1,0.0906
808,1,0.0883
809,1,0.0882
810,1,0.0883
811,1,0.0894
812,1,0.0886
813,1,0.0879
814,1,0.0879
815,1,0.0883
816,1,0.0877
817,1,0.0877
818,1,0.0880
819,1,0.0881
820,1,0.0877
821,1,0.0885
822,1,0.0888
823,1,0.0885
824,1,0.0884
825,1,0.0893
826,1,0.0880
827,1,0.0885
828,1,0.0883
829,1,0.0877
830,1,0.0884
831,1,0.0883
832,1,0.0880
833,1,0.0893
834,1,0.0885
835,1,0.0893
836,1,0.0885
837,1,0.0882
838,1,0.0888
839,1,0.0881
840,1,0.0881
841,1,0.0885
842,1,0.0884
843,1,0.0881
844,1,0.0878
845,1,0.0876
846,1,0.0876
847,1,0.0880
848,1,0.0878
849,1,0.0883
850,1,0.0884
851,1,0.0878
852,1,0.0877
853,1,0.0874
854,1,0.0883
855,1,0.0880
856,1,0.0878
857,1,0.0875
858,1,0.0877
859,2,0.0879
860,1,0.0878
861,1,0.0880
862,1,0.0883
863,1,0.0877
864,1,0.0880
865,1,0.0879
866,1,0.0881
867,1,0.0888
868,1,0.0884
869,1,0.0879
870,1,0.0880
871,1,0.0881
872,1,0.0883
873,1,0.0881
874,1,0.0884
875,1,0.0885
876,1,0.0881
877,1,0.0884
878,1,0.0884
879,1,0.0888
880,1,0.0887
881,1,0.0891
882,1,0.0887
883,1,0.0894
884,1,0.0888
885,1,0.0893
886,1,0.0888
887,1,0.0890
888,1,0.0895
889,1,0.0889
890,1,0.0888
891,1,0.0885
892,1,0.0889
893,1,0.0890
894,1,0.0885
895,1,0.0885
896,1,0.0885
897,1,0.0888
898,1,0.0885
899,1,0.0891
900,1,0.0961
901,1,0.0884
902,1,0.0885
903,1,0.0883
904,1,0.0877
905,1,0.0888
906,1,0.0893
907,1,0.0881
908,1,0.0890
909,1,0.0885
910,1,0.0885
911,1,0.0883
912,1,0.0884
913,1,0.0884
914,1,0.0883
915,3,0.2512
916,1,0.1418
917,1,0.0882
918,1,0.0879
919,1,0.0883
920,1,0.0878
921,1,0.0878
922,1,0.0881
923,1,0.0876
924,1,0.0880
925,1,0.0885
926,1,0.0882
927,1,0.0878
928,1,0.0879
929,1,0.0877
930,1,0.0880
931,1,0.0877
932,1,0.0888
933,1,0.0875
934,1,0.0880
935,1,0.0881
936,1,0.0878
937,1,0.0878
938,1,0.0887
939,1,0.0885
940,1,0.0882
941,1,0.0878
942,1,0.0878
943,1,0.0880
944,1,0.0883
945,1,0.0881
946,1,0.0881
947,1,0.0880
948,1,0.0880
949,1,0.0887
950,1,0.0884
951,1,0.0878
952,1,0.0880
953,1,0.0883
954,1,0.0879
955,1,0.0881
956,1,0.8794
957,1,0.0885
958,1,0.0877
959,1,0.0877
960,1,0.0876
961,1,0.0876
962,1,0.0882
963,1,0.0880
964,1,0.0890
965,2,0.0892
966,1,0.0884
967,1,0.0890
968,1,0.0890
969,1,0.0893
970,1,0.0889
971,1,0.0892
972,1,0.0890
973,1,0.0892
974,1,0.0891
975,1,0.0886
976,1,0.0889
977,1,0.0883
978,1,0.0883
979,1,0.0891
980,1,0.0883
981,1,0.0880
982,1,0.0884
983,1,0.0883
984,1,0.0884
985,1,0.0881
986,1,0.0887
987,1,0.0884
988,1,0.0879
989,1,0.0887
990,1,0.0877
991,1,0.0881
992,1,0.0880
993,1,0.0876
994,1,0.0882
995,1,0.0881
996,1,0.0883
997,1,0.0877
998,1,0.0883
999,1,0.0881
1000,1,0.0953
1001,1,0.0881
1002,1,0.0883
1003,1,0.0884
1004,1,0.0883
1005,1,0.0884
1006,1,0.0883
1007,1,0.0888
1008,1,0.0885
1009,1,0.0887
1010,1,0.0887
1011,1,0.0883
1012,1,0.0880
1013,1,0.0888
1014,1,0.0886
1015,1,0.0881
1016,1,0.0881
1017,1,0.0881
1018,1,0.0880
1019,1,0.0885
1020,1,0.0890
1021,1,0.0890
1022,1,0.0888
1023,1,0.0883
1024,1,0.0883
1025,1,0.0888
1026,1,0.0883
1027,1,0.0889
1028,1,0.0887
1029,1,0.0883
1030,1,0.0884
1031,1,0.0879
1032,1,0.0877
1033,1,0.0875
1034,1,0.0878
1035,1,0.0877
1036,1,0.0898
1037,1,0.0900
1038,1,0.0901
1039,1,0.0896
1040,1,0.0897
1041,1,0.0897
1042,1,0.0896
1043,1,0.0905
1044,1,0.0900
1045,1,0.0899
1046,1,0.0902
1047,1,0.0899
1048,1,0.0896
1049,2,0.0900
1050,1,0.0899
1051,1,0.0904
1052,1,0.0905
1053,1,0.0903
1054,1,0.0901
1055,1,0.0902
1056,1,0.0902
1057,1,0.0905
1058,1,0.0905
1059,1,0.0906
1060,1,0.0906
1061,1,0.0900
1062,1,0.0904
1063,1,0.0905
1064,1,0.0903
1065,1,0.0905
1066,1,0.0899
1067,1,0.0908
1068,1,0.0908
1069,1,0.0902
1070,1,0.0906
1071,1,0.0907
1072,1,0.0905
1073,1,0.0898
1074,1,0.0902
1075,1,0.0895
1076,1,0.0900
1077,1,0.0900
1078,1,0.0899
1079,1,0.0897
1080,1,0.0896
1081,1,0.0898
1082,1,0.0898
1083,1,0.0897
1084,1,0.0900
1085,1,0.0909
1086,1,0.0900
1087,1,0.0905
1088,1,0.0901
1089,1,0.0898
1090,1,0.0897
1091,1,0.0898
1092,1,0.0895
1093,1,0.0896
1094,1,0.0901
1095,1,0.0903
1096,1,0.0899
1097,1,0.0902
1098,1,0.0901
1099,1,0.0896
1100,1,0.0980
1101,1,0.0902
1102,1,0.0905
1103,1,0.0910
1104,1,0.0900
1105,1,0.0905
1106,1,0.0903
1107,1,0.0898
1108,1,0.0902
1109,1,0.0900
1110,1,0.0907
1111,1,0.0910
1112,2,0.0910
1113,1,0.0911
1114,1,0.0910
1115,1,0.0908
1116,1,0.0910
1117,1,0.0906
1118,1,0.0907
1119,1,0.0910
1120,1,0.0909
1121,1,0.0908
1122,1,0.0908
1123,1,0.0911
1124,1,0.0910
1125,1,0.0907
1126,1,0.0906
1127,1,0.0911
1128,1,0.0909
1129,1,0.0910
1130,1,0.0910
1131,1,0.0915
1132,1,0.0911
1133,1,0.0912
1134,1,0.0913
1135,1,0.0910
1136,1,0.0912
1137,1,0.0913
1138,1,0.0909
1139,1,0.0912
1140,1,0.0910
1141,1,0.0914
1142,1,0.0914
1143,1,0.0912
1144,1,0.0911
1145,1,0.0914
1146,1,0.0910
1147,1,0.0908
1148,1,0.0906
1149,1,0.0905
1150,1,0.0910
1151,1,0.0907
1152,1,0.0909
1153,1,0.0910
1154,1,0.0908
1155,1,0.0907
1156,1,0.0909
1157,1,0.0909
1158,1,0.0904
1159,1,0.0909
1160,1,0.0911
1161,1,0.0909
1162,1,0.0907
1163,1,0.0909
1164,1,0.0909
1165,1,0.0910
1166,1,0.0908
1167,1,0.0911
1168,1,0.0915
1169,2,0.0915
1170,1,0.0913
1171,1,0.0912
1172,1,0.0910
1173,1,0.0915
1174,1,0.0916
1175,1,0.0915
1176,1,0.0910
1177,1,0.0912
1178,1,0.0908
1179,1,0.0915
1180,1,0.0911
1181,1,0.0915
1182,1,0.0908
1183,1,0.0912
1184,1,0.0907
1185,1,0.0907
1186,1,0.0906
1187,1,0.0910
1188,1,0.0909
1189,1,0.0909
1190,1,0.0907
1191,1,0.0908
1192,1,0.0909
1193,1,0.0908
1194,1,0.0907
1195,1,0.0905
1196,1,0.0904
1197,1,0.0905
1198,1,0.0905
1199,1,0.0910
1200,1,0.0969
1201,1,0.0911
1202,1,0.0907
1203,1,0.0913
1204,1,0.0909
1205,1,0.0914
1206,1,0.0915
1207,1,0.0914
1208,1,0.0915
1209,1,0.0915
1210,1,0.0916
1211,1,0.0914
1212,1,0.0915
1213,1,0.0913
1214,1,0.0913
1215,1,0.0909
1216,1,0.0908
1217,1,0.0910
1218,1,0.0910
1219,1,0.0909
1220,1,0.0906
1221,1,0.0906
1222,1,0.0906
1223,1,0.0906
1224,1,0.0909
1225,1,0.0905
1226,1,0.0907
1227,1,0.0907
1228,1,0.0905
1229,1,0.0902
1230,1,0.0904
1231,1,0.0905
1232,1,0.0905
1233,2,0.0910
1234,1,0.0904
1235,1,0.0906
1236,1,0.0905
1237,1,0.0907
1238,1,0.0906
1239,1,0.0911
1240,1,0.0910
1241,1,0.0909
1242,1,0.0906
1243,1,0.0907
1244,1,0.0908
1245,1,0.0906
1246,1,0.0908
1247,1,0.0904
1248,1,0.0904
1249,1,0.0905
1250,1,0.0906
1251,1,0.0905
1252,1,0.0904
1253,1,0.0906
1254,1,0.0904
1255,1,0.0904
1256,1,0.0905
1257,1,0.0904
1258,1,0.0905
1259,1,0.0900
1260,1,0.0905
1261,1,0.0903
1262,1,0.0902
1263,1,0.0906
1264,1,0.0908
1265,1,0.0910
1266,1,0.0907
1267,1,0.0907
1268,1,0.0911
1269,1,0.0910
1270,1,0.0910
1271,1,0.0912
1272,1,0.0910
1273,1,0.0913
1274,1,0.0909
1275,1,0.0909
1276,1,0.0911
1277,1,0.0914
1278,1,0.0909
1279,1,0.0910
1280,1,0.0910
1281,1,0.0914
1282,1,0.0912
1283,1,0.0911
1284,1,0.0908
1285,1,0.0911
1286,1,0.0907
1287,1,0.0907
1288,1,0.0910
1289,1,0.0910
1290,1,0.1569
1291,1,0.2440
1292,1,0.0894
1293,1,0.0880
1294,1,0.0876
1295,1,0.0875
1296,1,0.0875
1297,2,0.0880
1298,1,0.0894
1299,1,0.0905
1300,1,0.0942
1301,1,0.0875
1302,1,0.0878
1303,1,0.0879
1304,1,0.0880
1305,1,0.0883
1306,1,0.0879
1307,1,0.0877
1308,1,0.0879
1309,1,0.0877
1310,1,0.0881
1311,1,0.0881
1312,1,0.0880
1313,1,0.0879
1314,1,0.0879
1315,1,0.0881
1316,1,0.0878
1317,1,0.0880
1318,1,0.0877
1319,1,0.0876
1320,1,0.0877
1321,1,0.0873
1322,1,0.0887
1323,1,0.0875
1324,1,0.0877
1325,1,0.0879
1326,1,0.0879
1327,1,0.0877
1328,1,0.0942
1329,1,0.6283
1330,1,0.0880
1331,1,0.0876
1332,1,0.0879
1333,1,0.0881
1334,1,0.0877
1335,1,0.0876
1336,1,0.0881
1337,1,0.0885
1338,1,0.0884
1339,1,0.0881
1340,1,0.0885
1341,1,0.0884
1342,1,0.0883
1343,1,0.0881
1344,1,0.0881
1345,1,0.0882
1346,1,0.0885
1347,1,0.0882
1348,1,0.0886
1349,1,0.0883
1350,1,0.0881
1351,1,0.0884
1352,1,0.0881
1353,1,0.0876
1354,1,0.0875
1355,1,0.0877
1356,1,0.0877
1357,1,0.0879
1358,1,0.0877
1359,1,0.0880
1360,1,0.0879
1361,1,0.0876
1362,1,0.0877
1363,1,0.0877
1364,1,0.0877
1365,1,0.0877
1366,1,0.0878
1367,1,0.0875
1368,1,0.0880
1369,1,0.0878
1370,1,0.0877
1371,1,0.0878
1372,1,0.0879
1373,1,0.0884
1374,1,0.0880
1375,1,0.0884
1376,1,0.0883
1377,1,0.0884
1378,1,0.0881
1379,1,0.0880
1380,1,0.0880
1381,1,0.0883
1382,1,0.0883
1383,1,0.0883
1384,1,0.0877
1385,1,0.0881
1386,1,0.0881
1387,1,0.0881
1388,1,0.0879
1389,1,0.0879
1390,1,0.0880
1391,1,0.0883
1392,1,0.0880
1393,1,0.0881
1394,2,0.0884
1395,1,0.0874
1396,1,0.0875
1397,1,0.0877
1398,1,0.0878
1399,1,0.0880
1400,1,0.0931
1401,1,0.0879
1402,1,0.0877
1403,1,0.0879
1404,1,0.0880
1405,1,0.0879
1406,1,0.0882
1407,1,0.0880
1408,1,0.0880
1409,1,0.0879
1410,1,0.0877
1411,1,0.0885
1412,1,0.0879
1413,1,0.0882
1414,1,0.0879
1415,1,0.0877
1416,1,0.0881
1417,1,0.0884
1418,1,0.0880
1419,1,0.0883
1420,1,0.0879
1421,1,0.0881
1422,1,0.0883
1423,1,0.0880
1424,1,0.0877
1425,2,0.0879
1426,1,0.0876
1427,1,0.0876
1428,1,0.0875
1429,1,0.0878
1430,1,0.0879
1431,1,0.0877
1432,1,0.0875
1433,1,0.0876
1434,1,0.0874
1435,1,0.0877
1436,1,0.0874
1437,1,0.0874
1438,1,0.0878
1439,1,0.0878
1440,1,0.0876
1441,1,0.0877
1442,1,0.0875
1443,1,0.0879
1444,1,0.0877
1445,1,0.0877
1446,1,0.0879
1447,1,0.0877
1448,1,0.0880
1449,1,0.0879
1450,1,0.0882
1451,1,0.0875
1452,1,0.0879
1453,1,0.0878
1454,1,0.0880
1455,1,0.0879
1456,1,0.0881
1457,1,0.0881
1458,1,0.0883
1459,1,0.0878
1460,1,0.0881
1461,1,0.0880
1462,1,0.0880
1463,2,0.0880
1464,1,0.0880
1465,1,0.0877
1466,1,0.0881
1467,1,0.0883
1468,1,0.0881
1469,1,0.0882
1470,1,0.0879
1471,1,0.0882
1472,1,0.0881
1473,1,0.0888
1474,1,0.0881
1475,1,0.0883
1476,1,0.0883
1477,1,0.0885
1478,1,0.0879
1479,1,0.0880
1480,1,0.0877
1481,1,0.0881
1482,1,0.0880
1483,1,0.0883
1484,1,0.0881
1485,1,0.0880
1486,1,0.0880
1487,1,0.0880
1488,1,0.0879
1489,1,0.0883
1490,1,0.0876
1491,1,0.0880
1492,1,0.0879
1493,1,0.0876
1494,1,0.0879
1495,1,0.0880
1496,1,0.0880
1497,1,0.0877
1498,1,0.0883
1499,1,0.0884
1500,1,0.0885
1501,1,0.0885
1502,1,0.0881
1503,1,0.0880
1504,1,0.0887
1505,1,0.0880
1506,1,0.0880
1507,1,0.0882
1508,1,0.0880
1509,1,0.0880
1510,1,0.0881
1511,1,0.0878
1512,1,0.0881
1513,1,0.0877
1514,1,0.0879
1515,1,0.0880
1516,1,0.0877
1517,1,0.0879
1518,1,0.0883
1519,1,0.0883
1520,1,0.0881
1521,1,0.0880
1522,1,0.0883
1523,1,0.0877
1524,1,0.0880
1525,1,0.0876
1526,1,0.0874
1527,1,0.0875
1528,1,0.0875
1529,1,0.0874
1530,2,0.0879
1531,1,0.0880
1532,1,0.0874
1533,1,0.0874
1534,1,0.0877
1535,1,0.0877
1536,1,0.0879
1537,1,0.0880
1538,1,0.0876
1539,1,0.0880
1540,1,0.0879
1541,1,0.0881
1542,1,0.0883
1543,1,0.0883
1544,1,0.0883
1545,1,0.0880
1546,1,0.0883
1547,1,0.0880
1548,1,0.0880
1549,1,0.0885
1550,1,0.0881
1551,1,0.0881
1552,1,0.0876
1553,1,0.0882
1554,1,0.0879
1555,1,0.0881
1556,1,0.0880
1557,1,0.0877
1558,1,0.0877
1559,1,0.0877
1560,1,0.0883
1561,1,0.0879
1562,1,0.0883
1563,1,0.0881
1564,1,0.0879
1565,1,0.0883
1566,1,0.0877
1567,1,0.0886
1568,1,0.0883
1569,1,0.0885
1570,1,0.0884
1571,1,0.0883
1572,1,0.0883
1573,1,0.0884
1574,1,0.0885
1575,1,0.0884
1576,1,0.0880
1577,1,0.0884
1578,1,0.0879
1579,1,0.0880
1580,1,0.0882
1581,2,0.0887
1582,1,0.0884
1583,1,0.0877
1584,1,0.0876
1585,1,0.0872
1586,1,0.0876
1587,1,0.0874
1588,1,0.0880
1589,1,0.0876
1590,1,0.0880
1591,1,0.0878
1592,1,0.0881
1593,1,0.0879
1594,1,0.0878
1595,1,0.0878
1596,1,0.0879
1597,1,0.0880
1598,1,0.0880
1599,1,0.0880
1600,1,0.0884
1601,1,0.0883
1602,1,0.0879
1603,1,0.0881
1604,1,0.0881
1605,1,0.0885
1606,1,0.0888
1607,1,0.0887
1608,1,0.0884
1609,1,0.0888
1610,1,0.0884
1611,1,0.0886
1612,1,0.0884
1613,1,0.0881
1614,1,0.0883
1615,1,0.0881
1616,1,0.0881
1617,1,0.0881
1618,1,0.0882
1619,1,0.0880
1620,1,0.0879
1621,1,0.0880
1622,1,0.0880
1623,1,0.0882
1624,1,0.0881
1625,1,0.0881
1626,1,0.0880
1627,1,0.0880
1628,1,0.0880
1629,1,0.0881
1630,1,0.0881
1631,1,0.0881
1632,1,0.0881
1633,1,0.0880
1634,1,0.0884
1635,1,0.2608
1636,1,0.1570
1637,1,0.0883
1638,1,0.0881
1639,1,0.0882
1640,1,0.0882
1641,1,0.0885
1642,1,0.0886
1643,1,0.0888
1644,1,0.0886
1645,1,0.0887
1646,1,0.0884
1647,1,0.0881
1648,1,0.0882
1649,2,0.0884
1650,1,0.0885
1651,1,0.0880
1652,1,0.0879
1653,1,0.0879
1654,1,0.0879
1655,1,0.0880
1656,1,0.0880
1657,1,0.0878
1658,1,0.0879
1659,1,0.0881
1660,1,0.0881
1661,1,0.0880
1662,1,0.0881
1663,1,0.0880
1664,1,0.0881
1665,1,0.0877
1666,1,0.0949
1667,1,0.6374
1668,1,0.0880
1669,1,0.0879
1670,1,0.0880
1671,1,0.0880
1672,1,0.0878
1673,1,0.0875
1674,1,0.0877
1675,1,0.0880
1676,1,0.0879
1677,1,0.0882
1678,1,0.0880
1679,1,0.0882
1680,1,0.0881
1681,1,0.0877
1682,1,0.0881
1683,1,0.0883
1684,1,0.0879
1685,1,0.0876
1686,1,0.0877
1687,1,0.0880
1688,1,0.0876
1689,1,0.0879
1690,1,0.0881
1691,1,0.0880
1692,1,0.0881
1693,1,0.0879
1694,1,0.0882
1695,1,0.0882
1696,1,0.0880
1697,1,0.0881
1698,1,0.0881
1699,1,0.0880
1700,1,0.0877
1701,1,0.0878
1702,1,0.0882
1703,1,0.0878
1704,1,0.0880
1705,1,0.0879
1706,1,0.0881
1707,1,0.0881
1708,1,0.0878
1709,1,0.0880
1710,1,0.0881
1711,1,0.0884
1712,1,0.0880
1713,1,0.0880
1714,1,0.0875
1715,1,0.0879
1716,1,0.0876
1717,1,0.0877
1718,1,0.0879
1719,1,0.0880
1720,1,0.0874
1721,1,0.0878
1722,2,0.0879
1723,1,0.0880
1724,1,0.0880
1725,1,0.0879
1726,1,0.0879
1727,1,0.0878
1728,1,0.0879
1729,1,0.0883
1730,1,0.0880
1731,1,0.0880
1732,1,0.0883
1733,1,0.0881
1734,1,0.0877
1735,1,0.0881
1736,1,0.0884
1737,1,0.0881
1738,1,0.0882
1739,1,0.0882
1740,1,0.0884
1741,1,0.0884
1742,1,0.0882
1743,1,0.0880
1744,1,0.0885
1745,1,0.0884
1746,1,0.0883
1747,1,0.0881
1748,1,0.0879
1749,1,0.0879
1750,0,0.0877
1751,1,0.0879
1752,0,0.0880
1753,1,0.0879
1754,1,0.0878
1755,0,0.0880
1756,1,0.0879
1757,1,0.0878
1758,0,0.0877
1759,1,0.0880
1760,1,0.0880
1761,0,0.0876
1762,1,0.0879
1763,1,0.0876
1764,0,0.0874
1765,1,0.0880
1766,1,0.0878
1767,0,0.0877
1768,1,0.0877
1769,1,0.0882
1770,0,0.0877
1771,1,0.0881
1772,1,0.0875
1773,1,0.0885
1774,0,0.0884
1775,1,0.0890
1776,0,0.0889
1777,0,0.0888
1778,0,0.0888
1779,0,0.0885
1780,0,0.0888
1781,0,0.0890
1782,2,0.0895
1783,0,0.0892
1784,0,0.0889
1785,1,0.0888
1786,1,0.0884
1787,1,0.0888
1788,1,0.0888
1789,0,0.0888
1790,0,0.0884
1791,0,0.0885
1792,0,0.0881
1793,1,0.0881
1794,1,0.0882
1795,0,0.0887
1796,1,0.0880
1797,1,0.0884
1798,0,0.0885
1799,1,0.0888
1800,0,0.0893
1801,1,0.0884
1802,0,0.0883
1803,0,0.0883
1804,0,0.0884
1805,0,0.0887
1806,0,0.0883
1807,0,0.0886
1808,0,0.0884
1809,1,0.0888
1810,0,0.0889
1811,0,0.0886
1812,1,0.0890
1813,0,0.0887
1814,0,0.0888
1815,0,0.0885
1816,1,0.0886
1817,0,0.0886
1818,0,0.0881
1819,0,0.0880
1820,0,0.0885
1821,0,0.0884
1822,0,0.0884
1823,0,0.0885
1824,0,0.0883
1825,1,0.0885
1826,1,0.0884
1827,0,0.0882
1828,0,0.0883
1829,0,0.0883
1830,0,0.0885
1831,0,0.0883
1832,0,0.0884
1833,0,0.0880
1834,0,0.0881
1835,0,0.0883
1836,0,0.0884
1837,1,0.0883
1838,2,0.0886
1839,0,0.0883
1840,2,0.0889
1841,0,0.0890
1842,1,0.0891
1843,1,0.0894
1844,0,0.0888
1845,0,0.0885
1846,1,0.0893
1847,0,0.0890
1848,0,0.0887
1849,0,0.0893
1850,0,0.0893
1851,1,0.0895
1852,1,0.0893
1853,0,0.0892
1854,0,0.0890
1855,1,0.0896
1856,0,0.0890
1857,0,0.0888
1858,0,0.0889
1859,0,0.0888
1860,0,0.0885
1861,0,0.0889
1862,0,0.0888
1863,0,0.0887
1864,0,0.0885
1865,0,0.0889
1866,0,0.0886
1867,0,0.0885
1868,0,0.0882
1869,0,0.0888
1870,0,0.0888
1871,0,0.0892
1872,0,0.0885
1873,0,0.0892
1874,0,0.0884
1875,0,0.0887
1876,0,0.0883
1877,0,0.0889
1878,0,0.0889
1879,0,0.0893
1880,0,0.0892
1881,0,0.0889
1882,0,0.0889
1883,0,0.0887
1884,0,0.0883
1885,0,0.0883
1886,0,0.0884
1887,0,0.0886
1888,0,0.0882
1889,0,0.0885
1890,0,0.0882
1891,0,0.0886
1892,0,0.0879
1893,0,0.0881
1894,0,0.0880
1895,0,0.0879
1896,0,0.0877
1897,0,0.0881
1898,0,0.0883
1899,0,0.0880
1900,0,0.0885
1901,0,0.0879
1902,0,0.0884
1903,0,0.0878
1904,0,0.0882
1905,0,0.0883
1906,0,0.0885
1907,0,0.0884
1908,0,0.0882
1909,0,0.0885
1910,0,0.0889
1911,0,0.0888
1912,0,0.0886
1913,0,0.0885
1914,0,0.0880
1915,0,0.0876
1916,0,0.0878
1917,0,0.0878
1918,0,0.0878
1919,0,0.0880
1920,0,0.0877
1921,0,0.0883
1922,0,0.0880
1923,0,0.0883
1924,0,0.0881
1925,0,0.0882
1926,0,0.0885
1927,0,0.0883
1928,0,0.0885
1929,0,0.0883
1930,0,0.0885
1931,0,0.0884
1932,0,0.0883
1933,0,0.0885
1934,0,0.0883
1935,0,0.0885
1936,0,0.0880
1937,0,0.0877
1938,0,0.0881
1939,0,0.0879
1940,0,0.0883
1941,0,0.0885
1942,0,0.0885
1943,0,0.0885
1944,0,0.0885
1945,0,0.0888
1946,0,0.0886
1947,0,0.0884
1948,0,0.0885
1949,0,0.0890
1950,0,0.0885
1951,0,0.0885
1952,0,0.0882
1953,0,0.0884
1954,0,0.0882
1955,0,0.0883
1956,0,0.0880
1957,0,0.0884
1958,0,0.0882
1959,0,0.0885
1960,0,0.0883
1961,0,0.0883
1962,0,0.0881
1963,0,0.0879
1964,0,0.0882
1965,0,0.0882
1966,0,0.0881
1967,0,0.0885
1968,0,0.0880
1969,0,0.0884
1970,0,0.0881
1971,0,0.0882
1972,0,0.0883
1973,0,0.0883
1974,0,0.0880
1975,0,0.0883
1976,0,0.0881
1977,0,0.0881
1978,0,0.0881
1979,0,0.0884
1980,0,0.2484
1981,0,0.1550
1982,0,0.0881
1983,0,0.0878
1984,0,0.0875
1985,0,0.0878
1986,0,0.0879
1987,0,0.0879
1988,0,0.0879
1989,0,0.0880
1990,0,0.0878
1991,0,0.0877
1992,0,0.0880
1993,0,0.0882
1994,0,0.0883
1995,0,0.0884
1996,0,0.0883
1997,0,0.0881
1998,0,0.0880
1999,0,0.0883
2000,0,0.0889
2001,0,0.0880
2002,0,0.8820
2003,0,0.0888
2004,0,0.0879
2005,0,0.0882
2006,0,0.0880
2007,0,0.0879
2008,0,0.0878
2009,0,0.0876
2010,0,0.0875
2011,0,0.0876
2012,0,0.0875
2013,0,0.0876
2014,0,0.0875
2015,0,0.0878
2016,0,0.0877
2017,0,0.0875
2018,0,0.0878
2019,0,0.0878
2020,0,0.0879
2021,0,0.0884
2022,0,0.0881
2023,0,0.0880
2024,0,0.0880
2025,0,0.0882
2026,0,0.0889
2027,0,0.0883
2028,0,0.0880
2029,0,0.0883
2030,0,0.0881
2031,0,0.0881
2032,0,0.0879
2033,0,0.0879
2034,0,0.0879
2035,0,0.0880
2036,0,0.0880
2037,0,0.0879
2038,0,0.0882
2039,0,0.0880
2040,0,0.0877
2041,0,0.0880
2042,0,0.0881
2043,0,0.0879
2044,0,0.0879
2045,0,0.0880
2046,0,0.0884
2047,0,0.0883
2048,0,0.0883
2049,0,0.0881
2050,0,0.0883
2051,0,0.0878
2052,0,0.0882
2053,0,0.0878
2054,0,0.0877
2055,0,0.0877
2056,0,0.0876
2057,0,0.0877
2058,0,0.0881
2059,0,0.0878
2060,0,0.0877
2061,0,0.0876
2062,0,0.0877
2063,0,0.0879
2064,0,0.0877
2065,0,0.0880
2066,0,0.0877
2067,0,0.0877
2068,0,0.0877
2069,0,0.0878
2070,0,0.0876
2071,0,0.0873
2072,0,0.0873
2073,0,0.0874
